Time,Altitude,Velocity,Fuel,Stage
0,0.00810991,0.810991,0.0199,1
0.01,0.0243377,1.62278,0.0198,1
0.02,0.0486907,2.4353,0.0197,1
0.03,0.0811757,3.2485,0.0196,1
0.04,0.121799,4.06231,0.0195,1
0.05,0.170565,4.87667,0.0194,1
0.06,0.227481,5.69151,0.0193,1
0.07,0.292548,6.50679,0.0192,1
0.08,0.365773,7.32243,0.0191,1
0.09,0.447156,8.13837,0.019,1
0.1,0.536702,8.95454,0.0189,1
0.11,0.634411,9.77089,0.0188,1
0.12,0.740284,10.5874,0.0187,1
0.13,0.854323,11.4039,0.0186,1
0.14,0.976527,12.2204,0.0185,1
0.15,1.10689,13.0368,0.0184,1
0.16,1.24542,13.8531,0.0183,1
0.17,1.39212,14.6691,0.0182,1
0.18,1.54697,15.4849,0.0181,1
0.19,1.70997,16.3004,0.018,1
0.2,1.88112,17.1154,0.0179,1
0.21,2.06042,17.93,0.0178,1
0.22,2.24786,18.7441,0.0177,1
0.23,2.44344,19.5576,0.0176,1
0.24,2.64714,20.3704,0.0175,1
0.25,2.85897,21.1825,0.0174,1
0.26,3.07891,21.9938,0.0173,1
0.27,3.30695,22.8043,0.0172,1
0.28,3.54309,23.6138,0.0171,1
0.29,3.78731,24.4224,0.017,1
0.3,4.03961,25.23,0.0169,1
0.31,4.29998,26.0364,0.0168,1
0.32,4.56839,26.8417,0.0167,1
0.33,4.84485,27.6458,0.0166,1
0.34,5.12934,28.4486,0.0165,1
0.35,5.42184,29.25,0.0164,1
0.36,5.72234,30.0501,0.0163,1
0.37,6.03083,30.8487,0.0162,1
0.38,6.34728,31.6457,0.0161,1
0.39,6.67169,32.4411,0.016,1
0.4,7.00404,33.2349,0.0159,1
0.41,7.34431,34.027,0.0158,1
0.42,7.69249,34.8173,0.0157,1
0.43,8.04854,35.6058,0.0156,1
0.44,8.41247,36.3924,0.0155,1
0.45,8.78424,37.1771,0.0154,1
0.46,9.16384,37.9598,0.0153,1
0.47,9.55124,38.7404,0.0152,1
0.48,9.94643,39.5189,0.0151,1
0.49,10.3494,40.2952,0.015,1
0.5,10.7601,41.0693,0.0149,1
0.51,11.1785,41.8412,0.0148,1
0.52,11.6046,42.6107,0.0147,1
0.53,12.0384,43.3778,0.0146,1
0.54,12.4798,44.1424,0.0145,1
0.55,12.9288,44.9046,0.0144,1
0.56,13.3855,45.6643,0.0143,1
0.57,13.8497,46.4213,0.0142,1
0.58,14.3215,47.1757,0.0141,1
0.59,14.8007,47.9275,0.014,1
0.6,15.2875,48.6765,0.0139,1
0.61,15.7817,49.4227,0.0138,1
0.62,16.2834,50.166,0.0137,1
0.63,16.7924,50.9065,0.0136,1
0.64,17.3089,51.6441,0.0135,1
0.65,17.8327,52.3787,0.0134,1
0.66,18.3638,53.1102,0.0133,1
0.67,18.9022,53.8388,0.0132,1
0.68,19.4478,54.5642,0.0131,1
0.69,20.0007,55.2864,0.013,1
0.7,20.5607,56.0055,0.0129,1
0.71,21.1279,56.7214,0.0128,1
0.72,21.7023,57.434,0.0127,1
0.73,22.2837,58.1433,0.0126,1
0.74,22.8722,58.8493,0.0125,1
0.75,23.4677,59.5519,0.0124,1
0.76,24.0702,60.2511,0.0123,1
0.77,24.6797,60.9468,0.0122,1
0.78,25.2961,61.639,0.0121,1
0.79,25.9194,62.3278,0.012,1
0.8,26.5495,63.013,0.0119,1
0.81,27.1864,63.6946,0.0118,1
0.82,27.8302,64.3726,0.0117,1
0.83,28.4806,65.047,0.0116,1
0.84,29.1378,65.7177,0.0115,1
0.85,29.8017,66.3847,0.0114,1
0.86,30.4721,67.0479,0.0113,1
0.87,31.1492,67.7075,0.0112,1
0.88,31.8329,68.3632,0.0111,1
0.89,32.523,69.0152,0.011,1
0.9,33.2196,69.6633,0.0109,1
0.91,33.9227,70.3076,0.0108,1
0.92,34.6322,70.948,0.0107,1
0.93,35.348,71.5846,0.0106,1
0.94,36.0702,72.2172,0.0105,1
0.95,36.7987,72.8459,0.0104,1
0.96,37.5334,73.4706,0.0103,1
0.97,38.2743,74.0914,0.0102,1
0.98,39.0214,74.7082,0.0101,1
0.99,39.7746,75.321,0.01,1
1,40.5339,75.9297,0.0099,1
1.01,41.2992,76.5345,0.0098,1
1.02,42.0706,77.1352,0.0097,1
1.03,42.8479,77.7319,0.0096,1
1.04,43.6311,78.3244,0.0095,1
1.05,44.4203,78.913,0.0094,1
1.06,45.2152,79.4974,0.0093,1
1.07,46.016,80.0777,0.0092,1
1.08,46.8226,80.6539,0.0091,1
1.09,47.6348,81.2261,0.009,1
1.1,48.4528,81.7941,0.0089,1
1.11,49.2763,82.3579,0.0088,1
1.12,50.1055,82.9177,0.0087,1
1.13,50.9402,83.4733,0.0086,1
1.14,51.7805,84.0247,0.0085,1
1.15,52.6262,84.572,0.0084,1
1.16,53.4774,85.1152,0.0083,1
1.17,54.3339,85.6542,0.0082,1
1.18,55.1958,86.1891,0.0081,1
1.19,56.063,86.7199,0.008,1
1.2,56.9355,87.2464,0.0079,1
1.21,57.8132,87.7689,0.0078,1
1.22,58.696,88.2872,0.0077,1
1.23,59.584,88.8013,0.0076,1
1.24,60.4772,89.3113,0.0075,1
1.25,61.3753,89.8172,0.0074,1
1.26,62.2785,90.319,0.0073,1
1.27,63.1867,90.8166,0.0072,1
1.28,64.0998,91.3101,0.0071,1
1.29,65.0178,91.7995,0.007,1
1.3,65.9406,92.2848,0.0069,1
1.31,66.8683,92.766,0.0068,1
1.32,67.8007,93.2431,0.0067,1
1.33,68.7379,93.7161,0.0066,1
1.34,69.6797,94.185,0.0065,1
1.35,70.6262,94.6499,0.0064,1
1.36,71.5773,95.1107,0.0063,1
1.37,72.533,95.5675,0.0062,1
1.38,73.4932,96.0203,0.0061,1
1.39,74.4579,96.4691,0.006,1
1.4,75.427,96.9138,0.0059,1
1.41,76.4006,97.3545,0.0058,1
1.42,77.3785,97.7913,0.0057,1
1.43,78.3607,98.2241,0.0056,1
1.44,79.3473,98.653,0.0055,1
1.45,80.338,99.0779,0.0054,1
1.46,81.333,99.4989,0.0053,1
1.47,82.3322,99.916,0.0052,1
1.48,83.3355,100.329,0.0051,1
1.49,84.3429,100.739,0.005,1
1.5,85.3543,101.144,0.0049,1
1.51,86.3698,101.546,0.0048,1
1.52,87.3892,101.944,0.0047,1
1.53,88.4126,102.338,0.0046,1
1.54,89.4399,102.728,0.0045,1
1.55,90.471,103.114,0.0044,1
1.56,91.506,103.497,0.0043,1
1.57,92.5447,103.876,0.0042,1
1.58,93.5873,104.251,0.0041,1
1.59,94.6335,104.623,0.004,1
1.6,95.6834,104.991,0.0039,1
1.61,96.7369,105.355,0.0038,1
1.62,97.7941,105.716,0.0037,1
1.63,98.8548,106.073,0.0036,1
1.64,99.9191,106.427,0.0035,1
1.65,100.987,106.776,0.0034,1
1.66,102.058,107.123,0.0033,1
1.67,103.133,107.466,0.0032,1
1.68,104.211,107.805,0.0031,1
1.69,105.292,108.141,0.003,1
1.7,106.377,108.474,0.0029,1
1.71,107.465,108.803,0.0028,1
1.72,108.556,109.128,0.0027,1
1.73,109.651,109.45,0.0026,1
1.74,110.748,109.769,0.0025,1
1.75,111.849,110.085,0.0024,1
1.76,112.953,110.397,0.0023,1
1.77,114.06,110.706,0.0022,1
1.78,115.17,111.012,0.0021,1
1.79,116.284,111.314,0.002,1
1.8,117.4,111.613,0.0019,1
1.81,118.519,111.909,0.0018,1
1.82,119.641,112.202,0.0017,1
1.83,120.766,112.492,0.0016,1
1.84,121.894,112.779,0.0015,1
1.85,123.024,113.062,0.0014,1
1.86,124.158,113.343,0.0013,1
1.87,125.294,113.62,0.0012,1
1.88,126.433,113.894,0.0011,1
1.89,127.574,114.166,0.001,1
1.9,128.719,114.434,0.0009,1
1.91,129.866,114.699,0.0008,1
1.92,131.015,114.962,0.0007,1
1.93,132.168,115.222,0.0006,1
1.94,133.322,115.478,0.0005,1
1.95,134.48,115.732,0.0004,1
1.96,135.64,115.983,0.0003,1
1.97,136.802,116.232,0.0002,1
1.98,137.967,116.477,0.0001,1
1.99,139.134,116.72,6.61634e-17,1
2,140.303,116.96,0,1
2.01,141.464,116.086,0,2
2.02,142.629,116.518,0.00995,2
2.03,143.799,116.938,0.0099,2
2.04,144.972,117.346,0.00985,2
2.05,146.15,117.743,0.0098,2
2.06,147.331,118.129,0.00975,2
2.07,148.516,118.504,0.0097,2
2.08,149.705,118.868,0.00965,2
2.09,150.897,119.223,0.0096,2
2.1,152.093,119.567,0.00955,2
2.11,153.292,119.901,0.0095,2
2.12,154.494,120.226,0.00945,2
2.13,155.699,120.542,0.0094,2
2.14,156.908,120.848,0.00935,2
2.15,158.119,121.146,0.0093,2
2.16,159.334,121.435,0.00925,2
2.17,160.551,121.716,0.0092,2
2.18,161.771,121.989,0.00915,2
2.19,162.993,122.253,0.0091,2
2.2,164.218,122.511,0.00905,2
2.21,165.446,122.76,0.009,2
2.22,166.676,123.003,0.00895,2
2.23,167.908,123.238,0.0089,2
2.24,169.143,123.467,0.00885,2
2.25,170.38,123.688,0.0088,2
2.26,171.619,123.904,0.00875,2
2.27,172.86,124.113,0.0087,2
2.28,174.103,124.316,0.00865,2
2.29,175.348,124.513,0.0086,2
2.3,176.595,124.704,0.00855,2
2.31,177.844,124.889,0.0085,2
2.32,179.095,125.069,0.00845,2
2.33,180.347,125.244,0.0084,2
2.34,181.601,125.414,0.00835,2
2.35,182.857,125.579,0.0083,2
2.36,184.115,125.739,0.00825,2
2.37,185.374,125.894,0.0082,2
2.38,186.634,126.044,0.00815,2
2.39,187.896,126.191,0.0081,2
2.4,189.159,126.333,0.00805,2
2.41,190.424,126.47,0.008,2
2.42,191.69,126.604,0.00795,2
2.43,192.957,126.734,0.0079,2
2.44,194.226,126.86,0.00785,2
2.45,195.496,126.983,0.0078,2
2.46,196.767,127.101,0.00775,2
2.47,198.039,127.217,0.0077,2
2.48,199.312,127.329,0.00765,2
2.49,200.587,127.438,0.0076,2
2.5,201.862,127.544,0.00755,2
2.51,203.139,127.646,0.0075,2
2.52,204.416,127.746,0.00745,2
2.53,205.694,127.843,0.0074,2
2.54,206.974,127.937,0.00735,2
2.55,208.254,128.028,0.0073,2
2.56,209.535,128.117,0.00725,2
2.57,210.817,128.204,0.0072,2
2.58,212.1,128.287,0.00715,2
2.59,213.384,128.369,0.0071,2
2.6,214.668,128.448,0.00705,2
2.61,215.954,128.525,0.007,2
2.62,217.24,128.6,0.00695,2
2.63,218.526,128.673,0.0069,2
2.64,219.814,128.744,0.00685,2
2.65,221.102,128.813,0.0068,2
2.66,222.391,128.88,0.00675,2
2.67,223.68,128.946,0.0067,2
2.68,224.97,129.009,0.00665,2
2.69,226.261,129.071,0.0066,2
2.7,227.552,129.131,0.00655,2
2.71,228.844,129.19,0.0065,2
2.72,230.137,129.247,0.00645,2
2.73,231.43,129.302,0.0064,2
2.74,232.723,129.357,0.00635,2
2.75,234.017,129.409,0.0063,2
2.76,235.312,129.461,0.00625,2
2.77,236.607,129.511,0.0062,2
2.78,237.903,129.56,0.00615,2
2.79,239.199,129.608,0.0061,2
2.8,240.495,129.654,0.00605,2
2.81,241.792,129.7,0.006,2
2.82,243.09,129.744,0.00595,2
2.83,244.388,129.787,0.0059,2
2.84,245.686,129.829,0.00585,2
2.85,246.985,129.871,0.0058,2
2.86,248.284,129.911,0.00575,2
2.87,249.583,129.95,0.0057,2
2.88,250.883,129.989,0.00565,2
2.89,252.183,130.027,0.0056,2
2.9,253.484,130.063,0.00555,2
2.91,254.785,130.099,0.0055,2
2.92,256.086,130.135,0.00545,2
2.93,257.388,130.169,0.0054,2
2.94,258.69,130.203,0.00535,2
2.95,259.992,130.236,0.0053,2
2.96,261.295,130.268,0.00525,2
2.97,262.598,130.3,0.0052,2
2.98,263.901,130.331,0.00515,2
2.99,265.205,130.362,0.0051,2
3,266.509,130.392,0.00505,2
3.01,267.813,130.421,0.005,2
3.02,269.118,130.45,0.00495,2
3.03,270.422,130.478,0.0049,2
3.04,271.727,130.506,0.00485,2
3.05,273.033,130.533,0.0048,2
3.06,274.338,130.56,0.00475,2
3.07,275.644,130.587,0.0047,2
3.08,276.95,130.612,0.00465,2
3.09,278.257,130.638,0.0046,2
3.1,279.563,130.663,0.00455,2
3.11,280.87,130.688,0.0045,2
3.12,282.177,130.712,0.00445,2
3.13,283.485,130.736,0.0044,2
3.14,284.792,130.76,0.00435,2
3.15,286.1,130.783,0.0043,2
3.16,287.408,130.806,0.00425,2
3.17,288.717,130.829,0.0042,2
3.18,290.025,130.851,0.00415,2
3.19,291.334,130.873,0.0041,2
3.2,292.643,130.895,0.00405,2
3.21,293.952,130.916,0.004,2
3.22,295.261,130.937,0.00395,2
3.23,296.571,130.958,0.0039,2
3.24,297.881,130.979,0.00385,2
3.25,299.191,131,0.0038,2
3.26,300.501,131.02,0.00375,2
3.27,301.811,131.04,0.0037,2
3.28,303.122,131.06,0.00365,2
3.29,304.433,131.079,0.0036,2
3.3,305.744,131.099,0.00355,2
3.31,307.055,131.118,0.0035,2
3.32,308.366,131.137,0.00345,2
3.33,309.678,131.156,0.0034,2
3.34,310.989,131.174,0.00335,2
3.35,312.301,131.193,0.0033,2
3.36,313.613,131.211,0.00325,2
3.37,314.926,131.23,0.0032,2
3.38,316.238,131.248,0.00315,2
3.39,317.551,131.266,0.0031,2
3.4,318.864,131.283,0.00305,2
3.41,320.177,131.301,0.003,2
3.42,321.49,131.319,0.00295,2
3.43,322.803,131.336,0.0029,2
3.44,324.117,131.353,0.00285,2
3.45,325.431,131.371,0.0028,2
3.46,326.744,131.388,0.00275,2
3.47,328.058,131.405,0.0027,2
3.48,329.373,131.422,0.00265,2
3.49,330.687,131.438,0.0026,2
3.5,332.002,131.455,0.00255,2
3.51,333.316,131.472,0.0025,2
3.52,334.631,131.488,0.00245,2
3.53,335.946,131.505,0.0024,2
3.54,337.261,131.521,0.00235,2
3.55,338.577,131.537,0.0023,2
3.56,339.892,131.554,0.00225,2
3.57,341.208,131.57,0.0022,2
3.58,342.524,131.586,0.00215,2
3.59,343.84,131.602,0.0021,2
3.6,345.156,131.618,0.00205,2
3.61,346.472,131.634,0.002,2
3.62,347.789,131.65,0.00195,2
3.63,349.106,131.666,0.0019,2
3.64,350.422,131.681,0.00185,2
3.65,351.739,131.697,0.0018,2
3.66,353.057,131.713,0.00175,2
3.67,354.374,131.728,0.0017,2
3.68,355.691,131.744,0.00165,2
3.69,357.009,131.759,0.0016,2
3.7,358.327,131.775,0.00155,2
3.71,359.645,131.79,0.0015,2
3.72,360.963,131.806,0.00145,2
3.73,362.281,131.821,0.0014,2
3.74,363.599,131.836,0.00135,2
3.75,364.918,131.852,0.0013,2
3.76,366.236,131.867,0.00125,2
3.77,367.555,131.882,0.0012,2
3.78,368.874,131.897,0.00115,2
3.79,370.193,131.913,0.0011,2
3.8,371.513,131.928,0.00105,2
3.81,372.832,131.943,0.001,2
3.82,374.152,131.958,0.00095,2
3.83,375.471,131.973,0.0009,2
3.84,376.791,131.988,0.00085,2
3.85,378.111,132.003,0.0008,2
3.86,379.431,132.018,0.00075,2
3.87,380.752,132.033,0.0007,2
3.88,382.072,132.048,0.00065,2
3.89,383.393,132.063,0.0006,2
3.9,384.714,132.078,0.00055,2
3.91,386.035,132.093,0.0005,2
3.92,387.356,132.108,0.00045,2
3.93,388.677,132.123,0.0004,2
3.94,389.998,132.138,0.00035,2
3.95,391.32,132.153,0.0003,2
3.96,392.641,132.168,0.00025,2
3.97,393.963,132.182,0.0002,2
3.98,395.285,132.197,0.00015,2
3.99,396.607,132.212,0.0001,2
4,397.93,132.227,5e-05,2
4.01,399.252,132.242,3.30817e-17,2
4.02,400.575,132.256,0,2
4.03,401.867,129.271,0,2
4.04,403.131,126.415,0,2
4.05,404.368,123.68,0,2
4.06,405.579,121.058,0,2
4.07,406.764,118.542,0,2
4.08,407.925,116.126,0,2
4.09,409.064,113.804,0,2
4.1,410.179,111.57,0,2
4.11,411.273,109.42,0,2
4.12,412.347,107.348,0,2
4.13,413.4,105.35,0,2
4.14,414.435,103.423,0,2
4.15,415.45,101.562,0,2
4.16,416.448,99.7643,0,2
4.17,417.428,98.0264,0,2
4.18,418.392,96.3453,0,2
4.19,419.339,94.7182,0,2
4.2,420.27,93.1424,0,2
4.21,421.186,91.6156,0,2
4.22,422.088,90.1354,0,2
4.23,422.975,88.6996,0,2
4.24,423.848,87.3063,0,2
4.25,424.707,85.9534,0,2
4.26,425.554,84.6393,0,2
4.27,426.387,83.3621,0,2
4.28,427.209,82.1204,0,2
4.29,428.018,80.9126,0,2
4.3,428.815,79.7374,0,2
4.31,429.601,78.5932,0,2
4.32,430.376,77.479,0,2
4.33,431.14,76.3935,0,2
4.34,431.893,75.3355,0,2
4.35,432.636,74.3041,0,2
4.36,433.369,73.298,0,2
4.37,434.092,72.3165,0,2
4.38,434.806,71.3586,0,2
4.39,435.51,70.4233,0,2
4.4,436.205,69.51,0,2
4.41,436.891,68.6176,0,2
4.42,437.569,67.7457,0,2
4.43,438.238,66.8933,0,2
4.44,438.898,66.0598,0,2
4.45,439.551,65.2446,0,2
4.46,440.195,64.4471,0,2
4.47,440.832,63.6666,0,2
4.48,441.461,62.9026,0,2
4.49,442.082,62.1545,0,2
4.5,442.697,61.4218,0,2
4.51,443.304,60.7041,0,2
4.52,443.904,60.0007,0,2
4.53,444.497,59.3114,0,2
4.54,445.083,58.6356,0,2
4.55,445.663,57.973,0,2
4.56,446.236,57.323,0,2
4.57,446.803,56.6854,0,2
4.58,447.364,56.0598,0,2
4.59,447.918,55.4458,0,2
4.6,448.467,54.8431,0,2
4.61,449.009,54.2513,0,2
4.62,449.546,53.6701,0,2
4.63,450.077,53.0993,0,2
4.64,450.602,52.5385,0,2
4.65,451.122,51.9874,0,2
4.66,451.636,51.4459,0,2
4.67,452.146,50.9135,0,2
4.68,452.649,50.3901,0,2
4.69,453.148,49.8754,0,2
4.7,453.642,49.3693,0,2
4.71,454.131,48.8713,0,2
4.72,454.614,48.3815,0,2
4.73,455.093,47.8994,0,2
4.74,455.568,47.425,0,2
4.75,456.037,46.9581,0,2
4.76,456.502,46.4984,0,2
4.77,456.963,46.0457,0,2
4.78,457.419,45.6,0,2
4.79,457.87,45.1609,0,2
4.8,458.318,44.7284,0,2
4.81,458.761,44.3023,0,2
4.82,459.199,43.8825,0,2
4.83,459.634,43.4687,0,2
4.84,460.065,43.0608,0,2
4.85,460.491,42.6588,0,2
4.86,460.914,42.2624,0,2
4.87,461.333,41.8716,0,2
4.88,461.748,41.4861,0,2
4.89,462.159,41.106,0,2
4.9,462.566,40.731,0,2
4.91,462.97,40.361,0,2
4.92,463.369,39.996,0,2
4.93,463.766,39.6358,0,2
4.94,464.159,39.2803,0,2
4.95,464.548,38.9294,0,2
4.96,464.934,38.583,0,2
4.97,465.316,38.2411,0,2
4.98,465.695,37.9034,0,2
4.99,466.071,37.57,0,2
5,466.443,37.2407,0,2
5.01,466.812,36.9154,0,2
5.02,467.178,36.5941,0,2
5.03,467.541,36.2767,0,2
5.04,467.901,35.9631,0,2
5.05,468.257,35.6532,0,2
5.06,468.611,35.3469,0,2
5.07,468.961,35.0442,0,2
5.08,469.309,34.745,0,2
5.09,469.653,34.4493,0,2
5.1,469.995,34.1568,0,2
5.11,470.333,33.8677,0,2
5.12,470.669,33.5818,0,2
5.13,471.002,33.2991,0,2
5.14,471.332,33.0195,0,2
5.15,471.66,32.7429,0,2
5.16,471.985,32.4693,0,2
5.17,472.307,32.1987,0,2
5.18,472.626,31.9309,0,2
5.19,472.943,31.6659,0,2
5.2,473.257,31.4037,0,2
5.21,473.568,31.1442,0,2
5.22,473.877,30.8873,0,2
5.23,474.183,30.6331,0,2
5.24,474.487,30.3815,0,2
5.25,474.788,30.1323,0,2
5.26,475.087,29.8856,0,2
5.27,475.384,29.6414,0,2
5.28,475.678,29.3995,0,2
5.29,475.969,29.16,0,2
5.3,476.258,28.9228,0,2
5.31,476.545,28.6878,0,2
5.32,476.83,28.4551,0,2
5.33,477.112,28.2246,0,2
5.34,477.392,27.9961,0,2
5.35,477.67,27.7698,0,2
5.36,477.945,27.5456,0,2
5.37,478.218,27.3234,0,2
5.38,478.49,27.1032,0,2
5.39,478.758,26.8849,0,2
5.4,479.025,26.6686,0,2
5.41,479.29,26.4542,0,2
5.42,479.552,26.2416,0,2
5.43,479.812,26.0309,0,2
5.44,480.071,25.822,0,2
5.45,480.327,25.6149,0,2
5.46,480.581,25.4095,0,2
5.47,480.833,25.2058,0,2
5.48,481.083,25.0038,0,2
5.49,481.331,24.8035,0,2
5.5,481.577,24.6048,0,2
5.51,481.821,24.4077,0,2
5.52,482.063,24.2122,0,2
5.53,482.303,24.0183,0,2
5.54,482.542,23.8258,0,2
5.55,482.778,23.6349,0,2
5.56,483.012,23.4455,0,2
5.57,483.245,23.2576,0,2
5.58,483.476,23.071,0,2
5.59,483.705,22.8859,0,2
5.6,483.932,22.7022,0,2
5.61,484.157,22.5199,0,2
5.62,484.38,22.3389,0,2
5.63,484.602,22.1592,0,2
5.64,484.822,21.9809,0,2
5.65,485.04,21.8038,0,2
5.66,485.256,21.628,0,2
5.67,485.47,21.4535,0,2
5.68,485.683,21.2801,0,2
5.69,485.894,21.108,0,2
5.7,486.104,20.9371,0,2
5.71,486.311,20.7674,0,2
5.72,486.517,20.5988,0,2
5.73,486.722,20.4314,0,2
5.74,486.924,20.2651,0,2
5.75,487.125,20.0999,0,2
5.76,487.325,19.9357,0,2
5.77,487.522,19.7727,0,2
5.78,487.718,19.6107,0,2
5.79,487.913,19.4498,0,2
5.8,488.106,19.2899,0,2
5.81,488.297,19.131,0,2
5.82,488.487,18.9731,0,2
5.83,488.675,18.8162,0,2
5.84,488.862,18.6603,0,2
5.85,489.047,18.5053,0,2
5.86,489.23,18.3512,0,2
5.87,489.412,18.1981,0,2
5.88,489.593,18.0459,0,2
5.89,489.772,17.8946,0,2
5.9,489.949,17.7442,0,2
5.91,490.125,17.5947,0,2
5.92,490.299,17.446,0,2
5.93,490.472,17.2982,0,2
5.94,490.644,17.1513,0,2
5.95,490.814,17.0051,0,2
5.96,490.983,16.8598,0,2
5.97,491.15,16.7153,0,2
5.98,491.315,16.5715,0,2
5.99,491.48,16.4286,0,2
6,491.643,16.2864,0,2
6.01,491.804,16.145,0,2
6.02,491.964,16.0043,0,2
6.03,492.123,15.8644,0,2
6.04,492.28,15.7252,0,2
6.05,492.436,15.5867,0,2
6.06,492.59,15.4489,0,2
6.07,492.744,15.3119,0,2
6.08,492.895,15.1755,0,2
6.09,493.046,15.0398,0,2
6.1,493.195,14.9047,0,2
6.11,493.342,14.7704,0,2
6.12,493.489,14.6367,0,2
6.13,493.634,14.5036,0,2
6.14,493.778,14.3711,0,2
6.15,493.92,14.2393,0,2
6.16,494.061,14.1081,0,2
6.17,494.201,13.9775,0,2
6.18,494.339,13.8475,0,2
6.19,494.476,13.7181,0,2
6.2,494.612,13.5893,0,2
6.21,494.747,13.461,0,2
6.22,494.88,13.3334,0,2
6.23,495.012,13.2062,0,2
6.24,495.143,13.0797,0,2
6.25,495.273,12.9536,0,2
6.26,495.401,12.8282,0,2
6.27,495.528,12.7032,0,2
6.28,495.654,12.5788,0,2
6.29,495.778,12.4548,0,2
6.3,495.902,12.3314,0,2
6.31,496.024,12.2085,0,2
6.32,496.145,12.0861,0,2
6.33,496.264,11.9641,0,2
6.34,496.383,11.8427,0,2
6.35,496.5,11.7217,0,2
6.36,496.616,11.6011,0,2
6.37,496.731,11.4811,0,2
6.38,496.844,11.3615,0,2
6.39,496.957,11.2423,0,2
6.4,497.068,11.1236,0,2
6.41,497.178,11.0053,0,2
6.42,497.287,10.8874,0,2
6.43,497.395,10.77,0,2
6.44,497.501,10.6529,0,2
6.45,497.606,10.5363,0,2
6.46,497.711,10.4201,0,2
6.47,497.814,10.3043,0,2
6.48,497.916,10.1888,0,2
6.49,498.016,10.0738,0,2
6.5,498.116,9.95914,0,2
6.51,498.214,9.84486,0,2
6.52,498.312,9.73094,0,2
6.53,498.408,9.61739,0,2
6.54,498.503,9.5042,0,2
6.55,498.597,9.39136,0,2
6.56,498.69,9.27887,0,2
6.57,498.781,9.16672,0,2
6.58,498.872,9.05491,0,2
6.59,498.961,8.94343,0,2
6.6,499.05,8.83228,0,2
6.61,499.137,8.72145,0,2
6.62,499.223,8.61094,0,2
6.63,499.308,8.50074,0,2
6.64,499.392,8.39085,0,2
6.65,499.475,8.28126,0,2
6.66,499.556,8.17197,0,2
6.67,499.637,8.06298,0,2
6.68,499.717,7.95427,0,2
6.69,499.795,7.84585,0,2
6.7,499.872,7.7377,0,2
6.71,499.949,7.62984,0,2
6.72,500.024,7.52224,0,2
6.73,500.098,7.41491,0,2
6.74,500.171,7.30784,0,2
6.75,500.243,7.20102,0,2
6.76,500.314,7.09447,0,2
6.77,500.384,6.98815,0,2
6.78,500.453,6.88209,0,2
6.79,500.521,6.77626,0,2
6.8,500.587,6.67067,0,2
6.81,500.653,6.56531,0,2
6.82,500.717,6.46018,0,2
6.83,500.781,6.35527,0,2
6.84,500.844,6.25058,0,2
6.85,500.905,6.14611,0,2
6.86,500.965,6.04185,0,2
6.87,501.025,5.93779,0,2
6.88,501.083,5.83394,0,2
6.89,501.14,5.73029,0,2
6.9,501.197,5.62683,0,2
6.91,501.252,5.52357,0,2
6.92,501.306,5.42049,0,2
6.93,501.359,5.3176,0,2
6.94,501.411,5.21489,0,2
6.95,501.463,5.11235,0,2
6.96,501.513,5.00999,0,2
6.97,501.562,4.90779,0,2
6.98,501.61,4.80576,0,2
6.99,501.657,4.7039,0,2
7,501.703,4.60219,0,2
7.01,501.748,4.50063,0,2
7.02,501.792,4.39923,0,2
7.03,501.835,4.29797,0,2
7.04,501.877,4.19686,0,2
7.05,501.918,4.09588,0,2
7.06,501.958,3.99505,0,2
7.07,501.997,3.89435,0,2
7.08,502.035,3.79377,0,2
7.09,502.072,3.69332,0,2
7.1,502.107,3.593,0,2
7.11,502.142,3.49279,0,2
7.12,502.176,3.3927,0,2
7.13,502.209,3.29273,0,2
7.14,502.241,3.19286,0,2
7.15,502.272,3.09309,0,2
7.16,502.302,2.99343,0,2
7.17,502.331,2.89387,0,2
7.18,502.359,2.79441,0,2
7.19,502.386,2.69503,0,2
7.2,502.412,2.59575,0,2
7.21,502.437,2.49655,0,2
7.22,502.461,2.39743,0,2
7.23,502.484,2.2984,0,2
7.24,502.506,2.19943,0,2
7.25,502.527,2.10055,0,2
7.26,502.547,2.00173,0,2
7.27,502.566,1.90297,0,2
7.28,502.584,1.80428,0,2
7.29,502.601,1.70565,0,2
7.3,502.617,1.60708,0,2
7.31,502.632,1.50855,0,2
7.32,502.646,1.41008,0,2
7.33,502.659,1.31166,0,2
7.34,502.671,1.21328,0,2
7.35,502.683,1.11494,0,2
7.36,502.693,1.01664,0,2
7.37,502.702,0.918367,0,2
7.38,502.71,0.82013,0,2
7.39,502.717,0.72192,0,2
7.4,502.724,0.623735,0,2
7.41,502.729,0.525572,0,2
7.42,502.733,0.427427,0,2
7.43,502.736,0.329297,0,2
7.44,502.739,0.231179,0,2
7.45,502.74,0.13307,0,2
7.46,502.74,0.0349676,0,2
7.47,502.74,-0.0631326,0,2
7.48,502.738,-0.161232,0,2
7.49,502.736,-0.259328,0,2
7.5,502.732,-0.357417,0,2
7.51,502.727,-0.455496,0,2
7.52,502.722,-0.553562,0,2
7.53,502.715,-0.651612,0,2
7.54,502.708,-0.749643,0,2
7.55,502.699,-0.847651,0,2
7.56,502.69,-0.945634,0,2
7.57,502.68,-1.04359,0,2
7.58,502.668,-1.14151,0,2
7.59,502.656,-1.2394,0,2
7.6,502.642,-1.33725,0,2
7.61,502.628,-1.43506,0,2
7.62,502.613,-1.53282,0,2
7.63,502.596,-1.63054,0,2
7.64,502.579,-1.7282,0,2
7.65,502.561,-1.82582,0,2
7.66,502.542,-1.92337,0,2
7.67,502.521,-2.02087,0,2
7.68,502.5,-2.1183,0,2
7.69,502.478,-2.21567,0,2
7.7,502.455,-2.31297,0,2
7.71,502.431,-2.4102,0,2
7.72,502.406,-2.50735,0,2
7.73,502.38,-2.60442,0,2
7.74,502.353,-2.70142,0,2
7.75,502.325,-2.79833,0,2
7.76,502.296,-2.89515,0,2
7.77,502.266,-2.99188,0,2
7.78,502.235,-3.08852,0,2
7.79,502.203,-3.18507,0,2
7.8,502.17,-3.28151,0,2
7.81,502.136,-3.37786,0,2
7.82,502.102,-3.4741,0,2
7.83,502.066,-3.57023,0,2
7.84,502.029,-3.66625,0,2
7.85,501.992,-3.76216,0,2
7.86,501.953,-3.85795,0,2
7.87,501.914,-3.95362,0,2
7.88,501.873,-4.04917,0,2
7.89,501.832,-4.1446,0,2
7.9,501.789,-4.23989,0,2
7.91,501.746,-4.33506,0,2
7.92,501.702,-4.4301,0,2
7.93,501.656,-4.525,0,2
7.94,501.61,-4.61976,0,2
7.95,501.563,-4.71437,0,2
7.96,501.515,-4.80885,0,2
7.97,501.466,-4.90318,0,2
7.98,501.416,-4.99736,0,2
7.99,501.365,-5.09138,0,2
8,501.313,-5.18525,0,2
8.01,501.26,-5.27897,0,2
8.02,501.207,-5.37252,0,2
8.03,501.152,-5.46591,0,2
8.04,501.096,-5.55914,0,2
8.05,501.04,-5.6522,0,2
8.06,500.982,-5.74509,0,2
8.07,500.924,-5.8378,0,2
8.08,500.865,-5.93034,0,2
8.09,500.805,-6.02271,0,2
8.1,500.743,-6.11489,0,2
8.11,500.681,-6.20689,0,2
8.12,500.618,-6.2987,0,2
8.13,500.554,-6.39033,0,2
8.14,500.49,-6.48177,0,2
8.15,500.424,-6.57302,0,2
8.16,500.357,-6.66407,0,2
8.17,500.29,-6.75492,0,2
8.18,500.221,-6.84558,0,2
8.19,500.152,-6.93603,0,2
8.2,500.082,-7.02629,0,2
8.21,500.01,-7.11633,0,2
8.22,499.938,-7.20617,0,2
8.23,499.865,-7.2958,0,2
8.24,499.792,-7.38521,0,2
8.25,499.717,-7.47441,0,2
8.26,499.641,-7.5634,0,2
8.27,499.565,-7.65217,0,2
8.28,499.487,-7.74071,0,2
8.29,499.409,-7.82904,0,2
8.3,499.33,-7.91714,0,2
8.31,499.25,-8.00501,0,2
8.32,499.169,-8.09265,0,2
8.33,499.087,-8.18007,0,2
8.34,499.004,-8.26725,0,2
8.35,498.921,-8.3542,0,2
8.36,498.836,-8.44091,0,2
8.37,498.751,-8.52738,0,2
8.38,498.665,-8.61362,0,2
8.39,498.578,-8.69961,0,2
8.4,498.49,-8.78536,0,2
8.41,498.401,-8.87087,0,2
8.42,498.312,-8.95613,0,2
8.43,498.221,-9.04114,0,2
8.44,498.13,-9.1259,0,2
8.45,498.038,-9.21041,0,2
8.46,497.945,-9.29467,0,2
8.47,497.851,-9.37867,0,2
8.48,497.757,-9.46242,0,2
8.49,497.661,-9.5459,0,2
8.5,497.565,-9.62913,0,2
8.51,497.468,-9.7121,0,2
8.52,497.37,-9.79481,0,2
8.53,497.271,-9.87725,0,2
8.54,497.172,-9.95943,0,2
8.55,497.071,-10.0413,0,2
8.56,496.97,-10.123,0,2
8.57,496.868,-10.2044,0,2
8.58,496.765,-10.2855,0,2
8.59,496.661,-10.3663,0,2
8.6,496.557,-10.4469,0,2
8.61,496.452,-10.5272,0,2
8.62,496.346,-10.6072,0,2
8.63,496.239,-10.6869,0,2
8.64,496.131,-10.7664,0,2
8.65,496.023,-10.8455,0,2
8.66,495.913,-10.9244,0,2
8.67,495.803,-11.0031,0,2
8.68,495.692,-11.0814,0,2
8.69,495.581,-11.1595,0,2
8.7,495.469,-11.2372,0,2
8.71,495.355,-11.3147,0,2
8.72,495.241,-11.3919,0,2
8.73,495.127,-11.4688,0,2
8.74,495.011,-11.5455,0,2
8.75,494.895,-11.6218,0,2
8.76,494.778,-11.6979,0,2
8.77,494.66,-11.7736,0,2
8.78,494.542,-11.8491,0,2
8.79,494.423,-11.9243,0,2
8.8,494.303,-11.9991,0,2
8.81,494.182,-12.0737,0,2
8.82,494.06,-12.148,0,2
8.83,493.938,-12.2221,0,2
8.84,493.815,-12.2958,0,2
8.85,493.692,-12.3692,0,2
8.86,493.567,-12.4423,0,2
8.87,493.442,-12.5151,0,2
8.88,493.316,-12.5877,0,2
8.89,493.19,-12.6599,0,2
8.9,493.062,-12.7318,0,2
8.91,492.934,-12.8034,0,2
8.92,492.805,-12.8748,0,2
8.93,492.676,-12.9458,0,2
8.94,492.546,-13.0165,0,2
8.95,492.415,-13.087,0,2
8.96,492.283,-13.1571,0,2
8.97,492.151,-13.2269,0,2
8.98,492.018,-13.2965,0,2
8.99,491.884,-13.3657,0,2
9,491.75,-13.4346,0,2
9.01,491.615,-13.5033,0,2
9.02,491.479,-13.5716,0,2
9.03,491.343,-13.6396,0,2
9.04,491.206,-13.7073,0,2
9.05,491.068,-13.7747,0,2
9.06,490.93,-13.8418,0,2
9.07,490.791,-13.9087,0,2
9.08,490.651,-13.9752,0,2
9.09,490.51,-14.0414,0,2
9.1,490.369,-14.1073,0,2
9.11,490.228,-14.1729,0,2
9.12,490.085,-14.2381,0,2
9.13,489.942,-14.3031,0,2
9.14,489.799,-14.3678,0,2
9.15,489.654,-14.4322,0,2
9.16,489.509,-14.4963,0,2
9.17,489.364,-14.56,0,2
9.18,489.217,-14.6235,0,2
9.19,489.071,-14.6867,0,2
9.2,488.923,-14.7495,0,2
9.21,488.775,-14.8121,0,2
9.22,488.626,-14.8744,0,2
9.23,488.477,-14.9363,0,2
9.24,488.327,-14.998,0,2
9.25,488.176,-15.0593,0,2
9.26,488.025,-15.1204,0,2
9.27,487.873,-15.1811,0,2
9.28,487.721,-15.2416,0,2
9.29,487.568,-15.3017,0,2
9.3,487.414,-15.3616,0,2
9.31,487.26,-15.4211,0,2
9.32,487.105,-15.4804,0,2
9.33,486.95,-15.5393,0,2
9.34,486.794,-15.5979,0,2
9.35,486.637,-15.6563,0,2
9.36,486.48,-15.7143,0,2
9.37,486.322,-15.7721,0,2
9.38,486.164,-15.8295,0,2
9.39,486.005,-15.8867,0,2
9.4,485.846,-15.9435,0,2
9.41,485.686,-16.0001,0,2
9.42,485.525,-16.0564,0,2
9.43,485.364,-16.1123,0,2
9.44,485.202,-16.168,0,2
9.45,485.04,-16.2234,0,2
9.46,484.877,-16.2785,0,2
9.47,484.714,-16.3333,0,2
9.48,484.55,-16.3878,0,2
9.49,484.386,-16.442,0,2
9.5,484.221,-16.4959,0,2
9.51,484.055,-16.5495,0,2
9.52,483.889,-16.6028,0,2
9.53,483.723,-16.6559,0,2
9.54,483.556,-16.7086,0,2
9.55,483.388,-16.7611,0,2
9.56,483.22,-16.8133,0,2
9.57,483.051,-16.8652,0,2
9.58,482.882,-16.9168,0,2
9.59,482.712,-16.9681,0,2
9.6,482.542,-17.0191,0,2
9.61,482.372,-17.0699,0,2
9.62,482.2,-17.1203,0,2
9.63,482.029,-17.1705,0,2
9.64,481.856,-17.2204,0,2
9.65,481.684,-17.27,0,2
9.66,481.511,-17.3194,0,2
9.67,481.337,-17.3684,0,2
9.68,481.163,-17.4172,0,2
9.69,480.988,-17.4657,0,2
9.7,480.813,-17.5139,0,2
9.71,480.637,-17.5619,0,2
9.72,480.461,-17.6095,0,2
9.73,480.285,-17.6569,0,2
9.74,480.108,-17.704,0,2
9.75,479.93,-17.7509,0,2
9.76,479.752,-17.7974,0,2
9.77,479.574,-17.8437,0,2
9.78,479.395,-17.8898,0,2
9.79,479.215,-17.9355,0,2
9.8,479.036,-17.981,0,2
9.81,478.855,-18.0262,0,2
9.82,478.675,-18.0712,0,2
9.83,478.493,-18.1159,0,2
9.84,478.312,-18.1603,0,2
9.85,478.13,-18.2045,0,2
9.86,477.947,-18.2484,0,2
9.87,477.764,-18.292,0,2
9.88,477.581,-18.3354,0,2
9.89,477.397,-18.3785,0,2
9.9,477.213,-18.4213,0,2
9.91,477.028,-18.4639,0,2
9.92,476.843,-18.5062,0,2
9.93,476.658,-18.5483,0,2
9.94,476.472,-18.5901,0,2
9.95,476.286,-18.6317,0,2
9.96,476.099,-18.673,0,2
9.97,475.912,-18.714,0,2
9.98,475.724,-18.7548,0,2
9.99,475.536,-18.7954,0,2
10,475.348,-18.8357,0,2
10.01,475.159,-18.8757,0,2
10.02,474.97,-18.9155,0,2
10.03,474.78,-18.9551,0,2
10.04,474.591,-18.9944,0,2
10.05,474.4,-19.0335,0,2
10.06,474.209,-19.0723,0,2
10.07,474.018,-19.1109,0,2
10.08,473.827,-19.1492,0,2
10.09,473.635,-19.1873,0,2
10.1,473.443,-19.2251,0,2
10.11,473.25,-19.2628,0,2
10.12,473.057,-19.3001,0,2
10.13,472.864,-19.3373,0,2
10.14,472.67,-19.3742,0,2
10.15,472.476,-19.4108,0,2
10.16,472.281,-19.4473,0,2
10.17,472.087,-19.4835,0,2
10.18,471.891,-19.5194,0,2
10.19,471.696,-19.5552,0,2
10.2,471.5,-19.5907,0,2
10.21,471.304,-19.6259,0,2
10.22,471.107,-19.661,0,2
10.23,470.91,-19.6958,0,2
10.24,470.713,-19.7304,0,2
10.25,470.515,-19.7648,0,2
10.26,470.317,-19.7989,0,2
10.27,470.119,-19.8328,0,2
10.28,469.92,-19.8665,0,2
10.29,469.721,-19.9,0,2
10.3,469.522,-19.9333,0,2
10.31,469.322,-19.9663,0,2
10.32,469.122,-19.9991,0,2
10.33,468.922,-20.0318,0,2
10.34,468.721,-20.0641,0,2
10.35,468.52,-20.0963,0,2
10.36,468.319,-20.1283,0,2
10.37,468.117,-20.1601,0,2
10.38,467.915,-20.1916,0,2
10.39,467.713,-20.2229,0,2
10.4,467.511,-20.2541,0,2
10.41,467.308,-20.285,0,2
10.42,467.105,-20.3157,0,2
10.43,466.901,-20.3462,0,2
10.44,466.697,-20.3765,0,2
10.45,466.493,-20.4066,0,2
10.46,466.289,-20.4365,0,2
10.47,466.084,-20.4662,0,2
10.48,465.879,-20.4957,0,2
10.49,465.674,-20.5249,0,2
10.5,465.469,-20.554,0,2
10.51,465.263,-20.5829,0,2
10.52,465.057,-20.6116,0,2
10.53,464.85,-20.6401,0,2
10.54,464.644,-20.6684,0,2
10.55,464.437,-20.6966,0,2
10.56,464.229,-20.7245,0,2
10.57,464.022,-20.7522,0,2
10.58,463.814,-20.7798,0,2
10.59,463.606,-20.8071,0,2
10.6,463.398,-20.8343,0,2
10.61,463.189,-20.8613,0,2
10.62,462.98,-20.888,0,2
10.63,462.771,-20.9147,0,2
10.64,462.562,-20.9411,0,2
10.65,462.352,-20.9673,0,2
10.66,462.142,-20.9934,0,2
10.67,461.932,-21.0192,0,2
10.68,461.721,-21.0449,0,2
10.69,461.511,-21.0705,0,2
10.7,461.3,-21.0958,0,2
10.71,461.088,-21.121,0,2
10.72,460.877,-21.146,0,2
10.73,460.665,-21.1708,0,2
10.74,460.453,-21.1954,0,2
10.75,460.241,-21.2199,0,2
10.76,460.029,-21.2442,0,2
10.77,459.816,-21.2683,0,2
10.78,459.603,-21.2922,0,2
10.79,459.39,-21.316,0,2
10.8,459.177,-21.3396,0,2
10.81,458.963,-21.3631,0,2
10.82,458.749,-21.3864,0,2
10.83,458.535,-21.4095,0,2
10.84,458.321,-21.4324,0,2
10.85,458.106,-21.4552,0,2
10.86,457.891,-21.4779,0,2
10.87,457.676,-21.5003,0,2
10.88,457.461,-21.5226,0,2
10.89,457.246,-21.5448,0,2
10.9,457.03,-21.5668,0,2
10.91,456.814,-21.5886,0,2
10.92,456.598,-21.6103,0,2
10.93,456.382,-21.6318,0,2
10.94,456.165,-21.6532,0,2
10.95,455.948,-21.6744,0,2
10.96,455.731,-21.6954,0,2
10.97,455.514,-21.7163,0,2
10.98,455.297,-21.7371,0,2
10.99,455.079,-21.7577,0,2
11,454.862,-21.7782,0,2
11.01,454.644,-21.7985,0,2
11.02,454.425,-21.8186,0,2
11.03,454.207,-21.8386,0,2
11.04,453.988,-21.8585,0,2
11.05,453.77,-21.8782,0,2
11.06,453.551,-21.8978,0,2
11.07,453.331,-21.9173,0,2
11.08,453.112,-21.9366,0,2
11.09,452.893,-21.9557,0,2
11.1,452.673,-21.9747,0,2
11.11,452.453,-21.9936,0,2
11.12,452.233,-22.0124,0,2
11.13,452.012,-22.031,0,2
11.14,451.792,-22.0494,0,2
11.15,451.571,-22.0678,0,2
11.16,451.35,-22.086,0,2
11.17,451.129,-22.104,0,2
11.18,450.908,-22.1219,0,2
11.19,450.687,-22.1397,0,2
11.2,450.465,-22.1574,0,2
11.21,450.243,-22.1749,0,2
11.22,450.021,-22.1923,0,2
11.23,449.799,-22.2096,0,2
11.24,449.577,-22.2268,0,2
11.25,449.355,-22.2438,0,2
11.26,449.132,-22.2607,0,2
11.27,448.909,-22.2775,0,2
11.28,448.686,-22.2941,0,2
11.29,448.463,-22.3106,0,2
11.3,448.24,-22.327,0,2
11.31,448.017,-22.3433,0,2
11.32,447.793,-22.3595,0,2
11.33,447.569,-22.3755,0,2
11.34,447.345,-22.3914,0,2
11.35,447.121,-22.4072,0,2
11.36,446.897,-22.4229,0,2
11.37,446.673,-22.4384,0,2
11.38,446.448,-22.4539,0,2
11.39,446.223,-22.4692,0,2
11.4,445.999,-22.4844,0,2
11.41,445.774,-22.4995,0,2
11.42,445.548,-22.5145,0,2
11.43,445.323,-22.5294,0,2
11.44,445.098,-22.5441,0,2
11.45,444.872,-22.5588,0,2
11.46,444.646,-22.5733,0,2
11.47,444.42,-22.5877,0,2
11.48,444.194,-22.602,0,2
11.49,443.968,-22.6162,0,2
11.5,443.742,-22.6303,0,2
11.51,443.516,-22.6443,0,2
11.52,443.289,-22.6582,0,2
11.53,443.062,-22.672,0,2
11.54,442.835,-22.6857,0,2
11.55,442.608,-22.6992,0,2
11.56,442.381,-22.7127,0,2
11.57,442.154,-22.7261,0,2
11.58,441.927,-22.7393,0,2
11.59,441.699,-22.7525,0,2
11.6,441.471,-22.7656,0,2
11.61,441.244,-22.7785,0,2
11.62,441.016,-22.7914,0,2
11.63,440.788,-22.8042,0,2
11.64,440.559,-22.8168,0,2
11.65,440.331,-22.8294,0,2
11.66,440.103,-22.8419,0,2
11.67,439.874,-22.8542,0,2
11.68,439.646,-22.8665,0,2
11.69,439.417,-22.8787,0,2
11.7,439.188,-22.8908,0,2
11.71,438.959,-22.9028,0,2
11.72,438.73,-22.9147,0,2
11.73,438.5,-22.9265,0,2
11.74,438.271,-22.9382,0,2
11.75,438.042,-22.9499,0,2
11.76,437.812,-22.9614,0,2
11.77,437.582,-22.9729,0,2
11.78,437.352,-22.9842,0,2
11.79,437.122,-22.9955,0,2
11.8,436.892,-23.0067,0,2
11.81,436.662,-23.0178,0,2
11.82,436.432,-23.0288,0,2
11.83,436.201,-23.0397,0,2
11.84,435.971,-23.0506,0,2
11.85,435.74,-23.0613,0,2
11.86,435.51,-23.072,0,2
11.87,435.279,-23.0826,0,2
11.88,435.048,-23.0931,0,2
11.89,434.817,-23.1036,0,2
11.9,434.586,-23.1139,0,2
11.91,434.354,-23.1242,0,2
11.92,434.123,-23.1344,0,2
11.93,433.892,-23.1445,0,2
11.94,433.66,-23.1545,0,2
11.95,433.428,-23.1644,0,2
11.96,433.197,-23.1743,0,2
11.97,432.965,-23.1841,0,2
11.98,432.733,-23.1938,0,2
11.99,432.501,-23.2034,0,2
12,432.269,-23.213,0,2
12.01,432.037,-23.2225,0,2
12.02,431.804,-23.2319,0,2
12.03,431.572,-23.2412,0,2
12.04,431.339,-23.2505,0,2
12.05,431.107,-23.2597,0,2
12.06,430.874,-23.2688,0,2
12.07,430.641,-23.2779,0,2
12.08,430.408,-23.2868,0,2
12.09,430.175,-23.2957,0,2
12.1,429.942,-23.3046,0,2
12.11,429.709,-23.3133,0,2
12.12,429.476,-23.322,0,2
12.13,429.243,-23.3306,0,2
12.14,429.009,-23.3392,0,2
12.15,428.776,-23.3477,0,2
12.16,428.542,-23.3561,0,2
12.17,428.309,-23.3644,0,2
12.18,428.075,-23.3727,0,2
12.19,427.841,-23.3809,0,2
12.2,427.607,-23.3891,0,2
12.21,427.373,-23.3972,0,2
12.22,427.139,-23.4052,0,2
12.23,426.905,-23.4132,0,2
12.24,426.671,-23.4211,0,2
12.25,426.437,-23.4289,0,2
12.26,426.202,-23.4367,0,2
12.27,425.968,-23.4444,0,2
12.28,425.733,-23.452,0,2
12.29,425.499,-23.4596,0,2
12.3,425.264,-23.4671,0,2
12.31,425.029,-23.4746,0,2
12.32,424.794,-23.482,0,2
12.33,424.56,-23.4893,0,2
12.34,424.325,-23.4966,0,2
12.35,424.09,-23.5038,0,2
12.36,423.854,-23.511,0,2
12.37,423.619,-23.5181,0,2
12.38,423.384,-23.5251,0,2
12.39,423.149,-23.5321,0,2
12.4,422.913,-23.5391,0,2
12.41,422.678,-23.546,0,2
12.42,422.442,-23.5528,0,2
12.43,422.207,-23.5595,0,2
12.44,421.971,-23.5663,0,2
12.45,421.735,-23.5729,0,2
12.46,421.5,-23.5795,0,2
12.47,421.264,-23.5861,0,2
12.48,421.028,-23.5926,0,2
12.49,420.792,-23.599,0,2
12.5,420.556,-23.6054,0,2
12.51,420.32,-23.6117,0,2
12.52,420.083,-23.618,0,2
12.53,419.847,-23.6243,0,2
12.54,419.611,-23.6304,0,2
12.55,419.374,-23.6366,0,2
12.56,419.138,-23.6427,0,2
12.57,418.902,-23.6487,0,2
12.58,418.665,-23.6547,0,2
12.59,418.428,-23.6606,0,2
12.6,418.192,-23.6665,0,2
12.61,417.955,-23.6723,0,2
12.62,417.718,-23.6781,0,2
12.63,417.481,-23.6839,0,2
12.64,417.244,-23.6896,0,2
12.65,417.008,-23.6952,0,2
12.66,416.771,-23.7008,0,2
12.67,416.533,-23.7064,0,2
12.68,416.296,-23.7119,0,2
12.69,416.059,-23.7173,0,2
12.7,415.822,-23.7227,0,2
12.71,415.585,-23.7281,0,2
12.72,415.347,-23.7334,0,2
12.73,415.11,-23.7387,0,2
12.74,414.873,-23.744,0,2
12.75,414.635,-23.7492,0,2
12.76,414.397,-23.7543,0,2
12.77,414.16,-23.7594,0,2
12.78,413.922,-23.7645,0,2
12.79,413.685,-23.7695,0,2
12.8,413.447,-23.7745,0,2
12.81,413.209,-23.7794,0,2
12.82,412.971,-23.7843,0,2
12.83,412.733,-23.7892,0,2
12.84,412.495,-23.794,0,2
12.85,412.257,-23.7988,0,2
12.86,412.019,-23.8035,0,2
12.87,411.781,-23.8082,0,2
12.88,411.543,-23.8129,0,2
12.89,411.305,-23.8175,0,2
12.9,411.067,-23.8221,0,2
12.91,410.828,-23.8266,0,2
12.92,410.59,-23.8311,0,2
12.93,410.352,-23.8356,0,2
12.94,410.113,-23.84,0,2
12.95,409.875,-23.8444,0,2
12.96,409.636,-23.8488,0,2
12.97,409.398,-23.8531,0,2
12.98,409.159,-23.8574,0,2
12.99,408.921,-23.8616,0,2
13,408.682,-23.8658,0,2
13.01,408.443,-23.87,0,2
13.02,408.205,-23.8741,0,2
13.03,407.966,-23.8782,0,2
13.04,407.727,-23.8823,0,2
13.05,407.488,-23.8863,0,2
13.06,407.249,-23.8903,0,2
13.07,407.01,-23.8943,0,2
13.08,406.771,-23.8982,0,2
13.09,406.532,-23.9021,0,2
13.1,406.293,-23.906,0,2
13.11,406.054,-23.9098,0,2
13.12,405.815,-23.9136,0,2
13.13,405.576,-23.9174,0,2
13.14,405.337,-23.9211,0,2
13.15,405.097,-23.9248,0,2
13.16,404.858,-23.9285,0,2
13.17,404.619,-23.9321,0,2
13.18,404.379,-23.9357,0,2
13.19,404.14,-23.9393,0,2
13.2,403.901,-23.9428,0,2
13.21,403.661,-23.9463,0,2
13.22,403.422,-23.9498,0,2
13.23,403.182,-23.9533,0,2
13.24,402.943,-23.9567,0,2
13.25,402.703,-23.9601,0,2
13.26,402.463,-23.9634,0,2
13.27,402.224,-23.9668,0,2
13.28,401.984,-23.9701,0,2
13.29,401.744,-23.9733,0,2
13.3,401.504,-23.9766,0,2
13.31,401.265,-23.9798,0,2
13.32,401.025,-23.983,0,2
13.33,400.785,-23.9862,0,2
13.34,400.545,-23.9893,0,2
13.35,400.305,-23.9924,0,2
13.36,400.065,-23.9955,0,2
13.37,399.825,-23.9985,0,2
13.38,399.585,-24.0016,0,2
13.39,399.345,-24.0046,0,2
13.4,399.105,-24.0075,0,2
13.41,398.865,-24.0105,0,2
13.42,398.625,-24.0134,0,2
13.43,398.385,-24.0163,0,2
13.44,398.144,-24.0192,0,2
13.45,397.904,-24.022,0,2
13.46,397.664,-24.0248,0,2
13.47,397.424,-24.0276,0,2
13.48,397.183,-24.0304,0,2
13.49,396.943,-24.0331,0,2
13.5,396.703,-24.0358,0,2
13.51,396.462,-24.0385,0,2
13.52,396.222,-24.0412,0,2
13.53,395.981,-24.0439,0,2
13.54,395.741,-24.0465,0,2
13.55,395.501,-24.0491,0,2
13.56,395.26,-24.0516,0,2
13.57,395.019,-24.0542,0,2
13.58,394.779,-24.0567,0,2
13.59,394.538,-24.0592,0,2
13.6,394.298,-24.0617,0,2
13.61,394.057,-24.0642,0,2
13.62,393.816,-24.0666,0,2
13.63,393.576,-24.069,0,2
13.64,393.335,-24.0714,0,2
13.65,393.094,-24.0738,0,2
13.66,392.853,-24.0762,0,2
13.67,392.613,-24.0785,0,2
13.68,392.372,-24.0808,0,2
13.69,392.131,-24.0831,0,2
13.7,391.89,-24.0854,0,2
13.71,391.649,-24.0876,0,2
13.72,391.408,-24.0898,0,2
13.73,391.167,-24.092,0,2
13.74,390.927,-24.0942,0,2
13.75,390.686,-24.0964,0,2
13.76,390.445,-24.0985,0,2
13.77,390.204,-24.1007,0,2
13.78,389.963,-24.1028,0,2
13.79,389.722,-24.1048,0,2
13.8,389.48,-24.1069,0,2
13.81,389.239,-24.109,0,2
13.82,388.998,-24.111,0,2
13.83,388.757,-24.113,0,2
13.84,388.516,-24.115,0,2
13.85,388.275,-24.117,0,2
13.86,388.034,-24.1189,0,2
13.87,387.792,-24.1209,0,2
13.88,387.551,-24.1228,0,2
13.89,387.31,-24.1247,0,2
13.9,387.069,-24.1266,0,2
13.91,386.827,-24.1284,0,2
13.92,386.586,-24.1303,0,2
13.93,386.345,-24.1321,0,2
13.94,386.103,-24.1339,0,2
13.95,385.862,-24.1357,0,2
13.96,385.621,-24.1375,0,2
13.97,385.379,-24.1392,0,2
13.98,385.138,-24.141,0,2
13.99,384.896,-24.1427,0,2
14,384.655,-24.1444,0,2
14.01,384.414,-24.1461,0,2
14.02,384.172,-24.1478,0,2
14.03,383.931,-24.1494,0,2
14.04,383.689,-24.1511,0,2
14.05,383.448,-24.1527,0,2
14.06,383.206,-24.1543,0,2
14.07,382.964,-24.1559,0,2
14.08,382.723,-24.1575,0,2
14.09,382.481,-24.1591,0,2
14.1,382.24,-24.1606,0,2
14.11,381.998,-24.1622,0,2
14.12,381.756,-24.1637,0,2
14.13,381.515,-24.1652,0,2
14.14,381.273,-24.1667,0,2
14.15,381.031,-24.1682,0,2
14.16,380.79,-24.1696,0,2
14.17,380.548,-24.1711,0,2
14.18,380.306,-24.1725,0,2
14.19,380.065,-24.1739,0,2
14.2,379.823,-24.1753,0,2
14.21,379.581,-24.1767,0,2
14.22,379.339,-24.1781,0,2
14.23,379.097,-24.1795,0,2
14.24,378.856,-24.1808,0,2
14.25,378.614,-24.1822,0,2
14.26,378.372,-24.1835,0,2
14.27,378.13,-24.1848,0,2
14.28,377.888,-24.1861,0,2
14.29,377.646,-24.1874,0,2
14.3,377.405,-24.1886,0,2
14.31,377.163,-24.1899,0,2
14.32,376.921,-24.1912,0,2
14.33,376.679,-24.1924,0,2
14.34,376.437,-24.1936,0,2
14.35,376.195,-24.1948,0,2
14.36,375.953,-24.196,0,2
14.37,375.711,-24.1972,0,2
14.38,375.469,-24.1984,0,2
14.39,375.227,-24.1995,0,2
14.4,374.985,-24.2007,0,2
14.41,374.743,-24.2018,0,2
14.42,374.501,-24.2029,0,2
14.43,374.259,-24.204,0,2
14.44,374.017,-24.2051,0,2
14.45,373.775,-24.2062,0,2
14.46,373.533,-24.2073,0,2
14.47,373.291,-24.2084,0,2
14.48,373.049,-24.2094,0,2
14.49,372.806,-24.2104,0,2
14.5,372.564,-24.2115,0,2
14.51,372.322,-24.2125,0,2
14.52,372.08,-24.2135,0,2
14.53,371.838,-24.2145,0,2
14.54,371.596,-24.2155,0,2
14.55,371.354,-24.2165,0,2
14.56,371.111,-24.2174,0,2
14.57,370.869,-24.2184,0,2
14.58,370.627,-24.2193,0,2
14.59,370.385,-24.2203,0,2
14.6,370.143,-24.2212,0,2
14.61,369.9,-24.2221,0,2
14.62,369.658,-24.223,0,2
14.63,369.416,-24.2239,0,2
14.64,369.174,-24.2248,0,2
14.65,368.931,-24.2257,0,2
14.66,368.689,-24.2265,0,2
14.67,368.447,-24.2274,0,2
14.68,368.205,-24.2282,0,2
14.69,367.962,-24.2291,0,2
14.7,367.72,-24.2299,0,2
14.71,367.478,-24.2307,0,2
14.72,367.235,-24.2315,0,2
14.73,366.993,-24.2323,0,2
14.74,366.751,-24.2331,0,2
14.75,366.508,-24.2339,0,2
14.76,366.266,-24.2346,0,2
14.77,366.024,-24.2354,0,2
14.78,365.781,-24.2362,0,2
14.79,365.539,-24.2369,0,2
14.8,365.297,-24.2376,0,2
14.81,365.054,-24.2384,0,2
14.82,364.812,-24.2391,0,2
14.83,364.569,-24.2398,0,2
14.84,364.327,-24.2405,0,2
14.85,364.085,-24.2412,0,2
14.86,363.842,-24.2419,0,2
14.87,363.6,-24.2425,0,2
14.88,363.357,-24.2432,0,2
14.89,363.115,-24.2439,0,2
14.9,362.872,-24.2445,0,2
14.91,362.63,-24.2452,0,2
14.92,362.388,-24.2458,0,2
14.93,362.145,-24.2464,0,2
14.94,361.903,-24.2471,0,2
14.95,361.66,-24.2477,0,2
14.96,361.418,-24.2483,0,2
14.97,361.175,-24.2489,0,2
14.98,360.933,-24.2495,0,2
14.99,360.69,-24.25,0,2
15,360.448,-24.2506,0,2
15.01,360.205,-24.2512,0,2
15.02,359.963,-24.2517,0,2
15.03,359.72,-24.2523,0,2
15.04,359.478,-24.2528,0,2
15.05,359.235,-24.2534,0,2
15.06,358.992,-24.2539,0,2
15.07,358.75,-24.2544,0,2
15.08,358.507,-24.2549,0,2
15.09,358.265,-24.2554,0,2
15.1,358.022,-24.256,0,2
15.11,357.78,-24.2564,0,2
15.12,357.537,-24.2569,0,2
15.13,357.295,-24.2574,0,2
15.14,357.052,-24.2579,0,2
15.15,356.809,-24.2584,0,2
15.16,356.567,-24.2588,0,2
15.17,356.324,-24.2593,0,2
15.18,356.082,-24.2597,0,2
15.19,355.839,-24.2602,0,2
15.2,355.596,-24.2606,0,2
15.21,355.354,-24.261,0,2
15.22,355.111,-24.2615,0,2
15.23,354.869,-24.2619,0,2
15.24,354.626,-24.2623,0,2
15.25,354.383,-24.2627,0,2
15.26,354.141,-24.2631,0,2
15.27,353.898,-24.2635,0,2
15.28,353.655,-24.2639,0,2
15.29,353.413,-24.2643,0,2
15.3,353.17,-24.2646,0,2
15.31,352.927,-24.265,0,2
15.32,352.685,-24.2654,0,2
15.33,352.442,-24.2657,0,2
15.34,352.2,-24.2661,0,2
15.35,351.957,-24.2664,0,2
15.36,351.714,-24.2668,0,2
15.37,351.472,-24.2671,0,2
15.38,351.229,-24.2674,0,2
15.39,350.986,-24.2678,0,2
15.4,350.743,-24.2681,0,2
15.41,350.501,-24.2684,0,2
15.42,350.258,-24.2687,0,2
15.43,350.015,-24.269,0,2
15.44,349.773,-24.2693,0,2
15.45,349.53,-24.2696,0,2
15.46,349.287,-24.2699,0,2
15.47,349.045,-24.2702,0,2
15.48,348.802,-24.2705,0,2
15.49,348.559,-24.2707,0,2
15.5,348.316,-24.271,0,2
15.51,348.074,-24.2713,0,2
15.52,347.831,-24.2715,0,2
15.53,347.588,-24.2718,0,2
15.54,347.346,-24.272,0,2
15.55,347.103,-24.2723,0,2
15.56,346.86,-24.2725,0,2
15.57,346.617,-24.2727,0,2
15.58,346.375,-24.273,0,2
15.59,346.132,-24.2732,0,2
15.6,345.889,-24.2734,0,2
15.61,345.647,-24.2736,0,2
15.62,345.404,-24.2738,0,2
15.63,345.161,-24.274,0,2
15.64,344.918,-24.2742,0,2
15.65,344.676,-24.2744,0,2
15.66,344.433,-24.2746,0,2
15.67,344.19,-24.2748,0,2
15.68,343.947,-24.275,0,2
15.69,343.705,-24.2752,0,2
15.7,343.462,-24.2754,0,2
15.71,343.219,-24.2755,0,2
15.72,342.976,-24.2757,0,2
15.73,342.734,-24.2759,0,2
15.74,342.491,-24.276,0,2
15.75,342.248,-24.2762,0,2
15.76,342.005,-24.2763,0,2
15.77,341.762,-24.2765,0,2
15.78,341.52,-24.2766,0,2
15.79,341.277,-24.2768,0,2
15.8,341.034,-24.2769,0,2
15.81,340.791,-24.277,0,2
15.82,340.549,-24.2772,0,2
15.83,340.306,-24.2773,0,2
15.84,340.063,-24.2774,0,2
15.85,339.82,-24.2775,0,2
15.86,339.578,-24.2776,0,2
15.87,339.335,-24.2777,0,2
15.88,339.092,-24.2778,0,2
15.89,338.849,-24.2779,0,2
15.9,338.606,-24.278,0,2
15.91,338.364,-24.2781,0,2
15.92,338.121,-24.2782,0,2
15.93,337.878,-24.2783,0,2
15.94,337.635,-24.2784,0,2
15.95,337.393,-24.2785,0,2
15.96,337.15,-24.2786,0,2
15.97,336.907,-24.2786,0,2
15.98,336.664,-24.2787,0,2
15.99,336.421,-24.2788,0,2
16,336.179,-24.2788,0,2
16.01,335.936,-24.2789,0,2
16.02,335.693,-24.2789,0,2
16.03,335.45,-24.279,0,2
16.04,335.207,-24.2791,0,2
16.05,334.965,-24.2791,0,2
16.06,334.722,-24.2791,0,2
16.07,334.479,-24.2792,0,2
16.08,334.236,-24.2792,0,2
16.09,333.993,-24.2793,0,2
16.1,333.751,-24.2793,0,2
16.11,333.508,-24.2793,0,2
16.12,333.265,-24.2793,0,2
16.13,333.022,-24.2794,0,2
16.14,332.779,-24.2794,0,2
16.15,332.537,-24.2794,0,2
16.16,332.294,-24.2794,0,2
16.17,332.051,-24.2794,0,2
16.18,331.808,-24.2794,0,2
16.19,331.566,-24.2794,0,2
16.2,331.323,-24.2794,0,2
16.21,331.08,-24.2794,0,2
16.22,330.837,-24.2794,0,2
16.23,330.594,-24.2794,0,2
16.24,330.352,-24.2794,0,2
16.25,330.109,-24.2794,0,2
16.26,329.866,-24.2794,0,2
16.27,329.623,-24.2794,0,2
16.28,329.38,-24.2794,0,2
16.29,329.138,-24.2793,0,2
16.3,328.895,-24.2793,0,2
16.31,328.652,-24.2793,0,2
16.32,328.409,-24.2792,0,2
16.33,328.166,-24.2792,0,2
16.34,327.924,-24.2792,0,2
16.35,327.681,-24.2791,0,2
16.36,327.438,-24.2791,0,2
16.37,327.195,-24.2791,0,2
16.38,326.952,-24.279,0,2
16.39,326.71,-24.279,0,2
16.4,326.467,-24.2789,0,2
16.41,326.224,-24.2789,0,2
16.42,325.981,-24.2788,0,2
16.43,325.739,-24.2787,0,2
16.44,325.496,-24.2787,0,2
16.45,325.253,-24.2786,0,2
16.46,325.01,-24.2786,0,2
16.47,324.767,-24.2785,0,2
16.48,324.525,-24.2784,0,2
16.49,324.282,-24.2784,0,2
16.5,324.039,-24.2783,0,2
16.51,323.796,-24.2782,0,2
16.52,323.553,-24.2781,0,2
16.53,323.311,-24.278,0,2
16.54,323.068,-24.278,0,2
16.55,322.825,-24.2779,0,2
16.56,322.582,-24.2778,0,2
16.57,322.34,-24.2777,0,2
16.58,322.097,-24.2776,0,2
16.59,321.854,-24.2775,0,2
16.6,321.611,-24.2774,0,2
16.61,321.368,-24.2773,0,2
16.62,321.126,-24.2772,0,2
16.63,320.883,-24.2771,0,2
16.64,320.64,-24.277,0,2
16.65,320.397,-24.2769,0,2
16.66,320.155,-24.2768,0,2
16.67,319.912,-24.2767,0,2
16.68,319.669,-24.2766,0,2
16.69,319.426,-24.2765,0,2
16.7,319.184,-24.2764,0,2
16.71,318.941,-24.2762,0,2
16.72,318.698,-24.2761,0,2
16.73,318.455,-24.276,0,2
16.74,318.213,-24.2759,0,2
16.75,317.97,-24.2758,0,2
16.76,317.727,-24.2756,0,2
16.77,317.484,-24.2755,0,2
16.78,317.241,-24.2754,0,2
16.79,316.999,-24.2753,0,2
16.8,316.756,-24.2751,0,2
16.81,316.513,-24.275,0,2
16.82,316.27,-24.2749,0,2
16.83,316.028,-24.2747,0,2
16.84,315.785,-24.2746,0,2
16.85,315.542,-24.2744,0,2
16.86,315.3,-24.2743,0,2
16.87,315.057,-24.2741,0,2
16.88,314.814,-24.274,0,2
16.89,314.571,-24.2739,0,2
16.9,314.329,-24.2737,0,2
16.91,314.086,-24.2736,0,2
16.92,313.843,-24.2734,0,2
16.93,313.6,-24.2732,0,2
16.94,313.358,-24.2731,0,2
16.95,313.115,-24.2729,0,2
16.96,312.872,-24.2728,0,2
16.97,312.629,-24.2726,0,2
16.98,312.387,-24.2725,0,2
16.99,312.144,-24.2723,0,2
17,311.901,-24.2721,0,2
17.01,311.659,-24.272,0,2
17.02,311.416,-24.2718,0,2
17.03,311.173,-24.2716,0,2
17.04,310.93,-24.2715,0,2
17.05,310.688,-24.2713,0,2
17.06,310.445,-24.2711,0,2
17.07,310.202,-24.2709,0,2
17.08,309.96,-24.2708,0,2
17.09,309.717,-24.2706,0,2
17.1,309.474,-24.2704,0,2
17.11,309.231,-24.2702,0,2
17.12,308.989,-24.27,0,2
17.13,308.746,-24.2699,0,2
17.14,308.503,-24.2697,0,2
17.15,308.261,-24.2695,0,2
17.16,308.018,-24.2693,0,2
17.17,307.775,-24.2691,0,2
17.18,307.533,-24.2689,0,2
17.19,307.29,-24.2687,0,2
17.2,307.047,-24.2685,0,2
17.21,306.805,-24.2683,0,2
17.22,306.562,-24.2681,0,2
17.23,306.319,-24.268,0,2
17.24,306.076,-24.2678,0,2
17.25,305.834,-24.2676,0,2
17.26,305.591,-24.2674,0,2
17.27,305.348,-24.2672,0,2
17.28,305.106,-24.267,0,2
17.29,304.863,-24.2668,0,2
17.3,304.62,-24.2665,0,2
17.31,304.378,-24.2663,0,2
17.32,304.135,-24.2661,0,2
17.33,303.892,-24.2659,0,2
17.34,303.65,-24.2657,0,2
17.35,303.407,-24.2655,0,2
17.36,303.165,-24.2653,0,2
17.37,302.922,-24.2651,0,2
17.38,302.679,-24.2649,0,2
17.39,302.437,-24.2647,0,2
17.4,302.194,-24.2644,0,2
17.41,301.951,-24.2642,0,2
17.42,301.709,-24.264,0,2
17.43,301.466,-24.2638,0,2
17.44,301.223,-24.2636,0,2
17.45,300.981,-24.2634,0,2
17.46,300.738,-24.2631,0,2
17.47,300.495,-24.2629,0,2
17.48,300.253,-24.2627,0,2
17.49,300.01,-24.2625,0,2
17.5,299.768,-24.2622,0,2
17.51,299.525,-24.262,0,2
17.52,299.282,-24.2618,0,2
17.53,299.04,-24.2616,0,2
17.54,298.797,-24.2613,0,2
17.55,298.555,-24.2611,0,2
17.56,298.312,-24.2609,0,2
17.57,298.069,-24.2606,0,2
17.58,297.827,-24.2604,0,2
17.59,297.584,-24.2602,0,2
17.6,297.341,-24.2599,0,2
17.61,297.099,-24.2597,0,2
17.62,296.856,-24.2595,0,2
17.63,296.614,-24.2592,0,2
17.64,296.371,-24.259,0,2
17.65,296.129,-24.2587,0,2
17.66,295.886,-24.2585,0,2
17.67,295.643,-24.2583,0,2
17.68,295.401,-24.258,0,2
17.69,295.158,-24.2578,0,2
17.7,294.916,-24.2575,0,2
17.71,294.673,-24.2573,0,2
17.72,294.43,-24.257,0,2
17.73,294.188,-24.2568,0,2
17.74,293.945,-24.2566,0,2
17.75,293.703,-24.2563,0,2
17.76,293.46,-24.2561,0,2
17.77,293.218,-24.2558,0,2
17.78,292.975,-24.2556,0,2
17.79,292.733,-24.2553,0,2
17.8,292.49,-24.2551,0,2
17.81,292.247,-24.2548,0,2
17.82,292.005,-24.2545,0,2
17.83,291.762,-24.2543,0,2
17.84,291.52,-24.254,0,2
17.85,291.277,-24.2538,0,2
17.86,291.035,-24.2535,0,2
17.87,290.792,-24.2533,0,2
17.88,290.55,-24.253,0,2
17.89,290.307,-24.2528,0,2
17.9,290.065,-24.2525,0,2
17.91,289.822,-24.2522,0,2
17.92,289.58,-24.252,0,2
17.93,289.337,-24.2517,0,2
17.94,289.095,-24.2515,0,2
17.95,288.852,-24.2512,0,2
17.96,288.61,-24.2509,0,2
17.97,288.367,-24.2507,0,2
17.98,288.125,-24.2504,0,2
17.99,287.882,-24.2501,0,2
18,287.64,-24.2499,0,2
18.01,287.397,-24.2496,0,2
18.02,287.155,-24.2493,0,2
18.03,286.912,-24.2491,0,2
18.04,286.67,-24.2488,0,2
18.05,286.427,-24.2485,0,2
18.06,286.185,-24.2483,0,2
18.07,285.942,-24.248,0,2
18.08,285.7,-24.2477,0,2
18.09,285.457,-24.2474,0,2
18.1,285.215,-24.2472,0,2
18.11,284.972,-24.2469,0,2
18.12,284.73,-24.2466,0,2
18.13,284.487,-24.2464,0,2
18.14,284.245,-24.2461,0,2
18.15,284.002,-24.2458,0,2
18.16,283.76,-24.2455,0,2
18.17,283.517,-24.2453,0,2
18.18,283.275,-24.245,0,2
18.19,283.033,-24.2447,0,2
18.2,282.79,-24.2444,0,2
18.21,282.548,-24.2441,0,2
18.22,282.305,-24.2439,0,2
18.23,282.063,-24.2436,0,2
18.24,281.82,-24.2433,0,2
18.25,281.578,-24.243,0,2
18.26,281.336,-24.2427,0,2
18.27,281.093,-24.2425,0,2
18.28,280.851,-24.2422,0,2
18.29,280.608,-24.2419,0,2
18.3,280.366,-24.2416,0,2
18.31,280.123,-24.2413,0,2
18.32,279.881,-24.241,0,2
18.33,279.639,-24.2408,0,2
18.34,279.396,-24.2405,0,2
18.35,279.154,-24.2402,0,2
18.36,278.911,-24.2399,0,2
18.37,278.669,-24.2396,0,2
18.38,278.427,-24.2393,0,2
18.39,278.184,-24.239,0,2
18.4,277.942,-24.2388,0,2
18.41,277.699,-24.2385,0,2
18.42,277.457,-24.2382,0,2
18.43,277.215,-24.2379,0,2
18.44,276.972,-24.2376,0,2
18.45,276.73,-24.2373,0,2
18.46,276.488,-24.237,0,2
18.47,276.245,-24.2367,0,2
18.48,276.003,-24.2364,0,2
18.49,275.76,-24.2361,0,2
18.5,275.518,-24.2359,0,2
18.51,275.276,-24.2356,0,2
18.52,275.033,-24.2353,0,2
18.53,274.791,-24.235,0,2
18.54,274.549,-24.2347,0,2
18.55,274.306,-24.2344,0,2
18.56,274.064,-24.2341,0,2
18.57,273.822,-24.2338,0,2
18.58,273.579,-24.2335,0,2
18.59,273.337,-24.2332,0,2
18.6,273.095,-24.2329,0,2
18.61,272.852,-24.2326,0,2
18.62,272.61,-24.2323,0,2
18.63,272.368,-24.232,0,2
18.64,272.125,-24.2317,0,2
18.65,271.883,-24.2314,0,2
18.66,271.641,-24.2311,0,2
18.67,271.398,-24.2308,0,2
18.68,271.156,-24.2305,0,2
18.69,270.914,-24.2302,0,2
18.7,270.672,-24.2299,0,2
18.71,270.429,-24.2296,0,2
18.72,270.187,-24.2293,0,2
18.73,269.945,-24.229,0,2
18.74,269.702,-24.2287,0,2
18.75,269.46,-24.2284,0,2
18.76,269.218,-24.2281,0,2
18.77,268.976,-24.2278,0,2
18.78,268.733,-24.2275,0,2
18.79,268.491,-24.2272,0,2
18.8,268.249,-24.2269,0,2
18.81,268.006,-24.2266,0,2
18.82,267.764,-24.2263,0,2
18.83,267.522,-24.226,0,2
18.84,267.28,-24.2257,0,2
18.85,267.037,-24.2254,0,2
18.86,266.795,-24.2251,0,2
18.87,266.553,-24.2248,0,2
18.88,266.311,-24.2244,0,2
18.89,266.068,-24.2241,0,2
18.9,265.826,-24.2238,0,2
18.91,265.584,-24.2235,0,2
18.92,265.342,-24.2232,0,2
18.93,265.1,-24.2229,0,2
18.94,264.857,-24.2226,0,2
18.95,264.615,-24.2223,0,2
18.96,264.373,-24.222,0,2
18.97,264.131,-24.2217,0,2
18.98,263.888,-24.2214,0,2
18.99,263.646,-24.2211,0,2
19,263.404,-24.2207,0,2
19.01,263.162,-24.2204,0,2
19.02,262.92,-24.2201,0,2
19.03,262.677,-24.2198,0,2
19.04,262.435,-24.2195,0,2
19.05,262.193,-24.2192,0,2
19.06,261.951,-24.2189,0,2
19.07,261.709,-24.2186,0,2
19.08,261.466,-24.2183,0,2
19.09,261.224,-24.2179,0,2
19.1,260.982,-24.2176,0,2
19.11,260.74,-24.2173,0,2
19.12,260.498,-24.217,0,2
19.13,260.256,-24.2167,0,2
19.14,260.013,-24.2164,0,2
19.15,259.771,-24.2161,0,2
19.16,259.529,-24.2157,0,2
19.17,259.287,-24.2154,0,2
19.18,259.045,-24.2151,0,2
19.19,258.803,-24.2148,0,2
19.2,258.561,-24.2145,0,2
19.21,258.318,-24.2142,0,2
19.22,258.076,-24.2139,0,2
19.23,257.834,-24.2135,0,2
19.24,257.592,-24.2132,0,2
19.25,257.35,-24.2129,0,2
19.26,257.108,-24.2126,0,2
19.27,256.866,-24.2123,0,2
19.28,256.623,-24.212,0,2
19.29,256.381,-24.2116,0,2
19.3,256.139,-24.2113,0,2
19.31,255.897,-24.211,0,2
19.32,255.655,-24.2107,0,2
19.33,255.413,-24.2104,0,2
19.34,255.171,-24.21,0,2
19.35,254.929,-24.2097,0,2
19.36,254.687,-24.2094,0,2
19.37,254.445,-24.2091,0,2
19.38,254.202,-24.2088,0,2
19.39,253.96,-24.2084,0,2
19.4,253.718,-24.2081,0,2
19.41,253.476,-24.2078,0,2
19.42,253.234,-24.2075,0,2
19.43,252.992,-24.2072,0,2
19.44,252.75,-24.2068,0,2
19.45,252.508,-24.2065,0,2
19.46,252.266,-24.2062,0,2
19.47,252.024,-24.2059,0,2
19.48,251.782,-24.2056,0,2
19.49,251.54,-24.2052,0,2
19.5,251.298,-24.2049,0,2
19.51,251.056,-24.2046,0,2
19.52,250.814,-24.2043,0,2
19.53,250.572,-24.204,0,2
19.54,250.329,-24.2036,0,2
19.55,250.087,-24.2033,0,2
19.56,249.845,-24.203,0,2
19.57,249.603,-24.2027,0,2
19.58,249.361,-24.2023,0,2
19.59,249.119,-24.202,0,2
19.6,248.877,-24.2017,0,2
19.61,248.635,-24.2014,0,2
19.62,248.393,-24.201,0,2
19.63,248.151,-24.2007,0,2
19.64,247.909,-24.2004,0,2
19.65,247.667,-24.2001,0,2
19.66,247.425,-24.1997,0,2
19.67,247.183,-24.1994,0,2
19.68,246.941,-24.1991,0,2
19.69,246.699,-24.1988,0,2
19.7,246.457,-24.1984,0,2
19.71,246.215,-24.1981,0,2
19.72,245.973,-24.1978,0,2
19.73,245.731,-24.1975,0,2
19.74,245.489,-24.1971,0,2
19.75,245.247,-24.1968,0,2
19.76,245.006,-24.1965,0,2
19.77,244.764,-24.1962,0,2
19.78,244.522,-24.1958,0,2
19.79,244.28,-24.1955,0,2
19.8,244.038,-24.1952,0,2
19.81,243.796,-24.1949,0,2
19.82,243.554,-24.1945,0,2
19.83,243.312,-24.1942,0,2
19.84,243.07,-24.1939,0,2
19.85,242.828,-24.1935,0,2
19.86,242.586,-24.1932,0,2
19.87,242.344,-24.1929,0,2
19.88,242.102,-24.1926,0,2
19.89,241.86,-24.1922,0,2
19.9,241.618,-24.1919,0,2
19.91,241.376,-24.1916,0,2
19.92,241.135,-24.1913,0,2
19.93,240.893,-24.1909,0,2
19.94,240.651,-24.1906,0,2
19.95,240.409,-24.1903,0,2
19.96,240.167,-24.1899,0,2
19.97,239.925,-24.1896,0,2
19.98,239.683,-24.1893,0,2
19.99,239.441,-24.189,0,2
20,239.199,-24.1886,0,2
20.01,238.957,-24.1883,0,2
20.02,238.716,-24.188,0,2
20.03,238.474,-24.1876,0,2
20.04,238.232,-24.1873,0,2
20.05,237.99,-24.187,0,2
20.06,237.748,-24.1866,0,2
20.07,237.506,-24.1863,0,2
20.08,237.264,-24.186,0,2
20.09,237.023,-24.1857,0,2
20.1,236.781,-24.1853,0,2
20.11,236.539,-24.185,0,2
20.12,236.297,-24.1847,0,2
20.13,236.055,-24.1843,0,2
20.14,235.813,-24.184,0,2
20.15,235.571,-24.1837,0,2
20.16,235.33,-24.1833,0,2
20.17,235.088,-24.183,0,2
20.18,234.846,-24.1827,0,2
20.19,234.604,-24.1823,0,2
20.2,234.362,-24.182,0,2
20.21,234.12,-24.1817,0,2
20.22,233.879,-24.1813,0,2
20.23,233.637,-24.181,0,2
20.24,233.395,-24.1807,0,2
20.25,233.153,-24.1804,0,2
20.26,232.911,-24.18,0,2
20.27,232.67,-24.1797,0,2
20.28,232.428,-24.1794,0,2
20.29,232.186,-24.179,0,2
20.3,231.944,-24.1787,0,2
20.31,231.703,-24.1784,0,2
20.32,231.461,-24.178,0,2
20.33,231.219,-24.1777,0,2
20.34,230.977,-24.1774,0,2
20.35,230.735,-24.177,0,2
20.36,230.494,-24.1767,0,2
20.37,230.252,-24.1764,0,2
20.38,230.01,-24.176,0,2
20.39,229.768,-24.1757,0,2
20.4,229.527,-24.1754,0,2
20.41,229.285,-24.175,0,2
20.42,229.043,-24.1747,0,2
20.43,228.801,-24.1744,0,2
20.44,228.56,-24.174,0,2
20.45,228.318,-24.1737,0,2
20.46,228.076,-24.1734,0,2
20.47,227.834,-24.173,0,2
20.48,227.593,-24.1727,0,2
20.49,227.351,-24.1724,0,2
20.5,227.109,-24.172,0,2
20.51,226.868,-24.1717,0,2
20.52,226.626,-24.1714,0,2
20.53,226.384,-24.171,0,2
20.54,226.142,-24.1707,0,2
20.55,225.901,-24.1703,0,2
20.56,225.659,-24.17,0,2
20.57,225.417,-24.1697,0,2
20.58,225.176,-24.1693,0,2
20.59,224.934,-24.169,0,2
20.6,224.692,-24.1687,0,2
20.61,224.451,-24.1683,0,2
20.62,224.209,-24.168,0,2
20.63,223.967,-24.1677,0,2
20.64,223.726,-24.1673,0,2
20.65,223.484,-24.167,0,2
20.66,223.242,-24.1667,0,2
20.67,223.001,-24.1663,0,2
20.68,222.759,-24.166,0,2
20.69,222.517,-24.1657,0,2
20.7,222.276,-24.1653,0,2
20.71,222.034,-24.165,0,2
20.72,221.792,-24.1646,0,2
20.73,221.551,-24.1643,0,2
20.74,221.309,-24.164,0,2
20.75,221.067,-24.1636,0,2
20.76,220.826,-24.1633,0,2
20.77,220.584,-24.163,0,2
20.78,220.342,-24.1626,0,2
20.79,220.101,-24.1623,0,2
20.8,219.859,-24.162,0,2
20.81,219.618,-24.1616,0,2
20.82,219.376,-24.1613,0,2
20.83,219.134,-24.1609,0,2
20.84,218.893,-24.1606,0,2
20.85,218.651,-24.1603,0,2
20.86,218.41,-24.1599,0,2
20.87,218.168,-24.1596,0,2
20.88,217.926,-24.1593,0,2
20.89,217.685,-24.1589,0,2
20.9,217.443,-24.1586,0,2
20.91,217.202,-24.1583,0,2
20.92,216.96,-24.1579,0,2
20.93,216.718,-24.1576,0,2
20.94,216.477,-24.1572,0,2
20.95,216.235,-24.1569,0,2
20.96,215.994,-24.1566,0,2
20.97,215.752,-24.1562,0,2
20.98,215.511,-24.1559,0,2
20.99,215.269,-24.1556,0,2
21,215.028,-24.1552,0,2
21.01,214.786,-24.1549,0,2
21.02,214.544,-24.1545,0,2
21.03,214.303,-24.1542,0,2
21.04,214.061,-24.1539,0,2
21.05,213.82,-24.1535,0,2
21.06,213.578,-24.1532,0,2
21.07,213.337,-24.1529,0,2
21.08,213.095,-24.1525,0,2
21.09,212.854,-24.1522,0,2
21.1,212.612,-24.1518,0,2
21.11,212.371,-24.1515,0,2
21.12,212.129,-24.1512,0,2
21.13,211.888,-24.1508,0,2
21.14,211.646,-24.1505,0,2
21.15,211.405,-24.1502,0,2
21.16,211.163,-24.1498,0,2
21.17,210.922,-24.1495,0,2
21.18,210.68,-24.1491,0,2
21.19,210.439,-24.1488,0,2
21.2,210.197,-24.1485,0,2
21.21,209.956,-24.1481,0,2
21.22,209.714,-24.1478,0,2
21.23,209.473,-24.1475,0,2
21.24,209.231,-24.1471,0,2
21.25,208.99,-24.1468,0,2
21.26,208.748,-24.1464,0,2
21.27,208.507,-24.1461,0,2
21.28,208.265,-24.1458,0,2
21.29,208.024,-24.1454,0,2
21.3,207.783,-24.1451,0,2
21.31,207.541,-24.1447,0,2
21.32,207.3,-24.1444,0,2
21.33,207.058,-24.1441,0,2
21.34,206.817,-24.1437,0,2
21.35,206.575,-24.1434,0,2
21.36,206.334,-24.143,0,2
21.37,206.092,-24.1427,0,2
21.38,205.851,-24.1424,0,2
21.39,205.61,-24.142,0,2
21.4,205.368,-24.1417,0,2
21.41,205.127,-24.1414,0,2
21.42,204.885,-24.141,0,2
21.43,204.644,-24.1407,0,2
21.44,204.403,-24.1403,0,2
21.45,204.161,-24.14,0,2
21.46,203.92,-24.1397,0,2
21.47,203.678,-24.1393,0,2
21.48,203.437,-24.139,0,2
21.49,203.196,-24.1386,0,2
21.5,202.954,-24.1383,0,2
21.51,202.713,-24.138,0,2
21.52,202.471,-24.1376,0,2
21.53,202.23,-24.1373,0,2
21.54,201.989,-24.1369,0,2
21.55,201.747,-24.1366,0,2
21.56,201.506,-24.1363,0,2
21.57,201.265,-24.1359,0,2
21.58,201.023,-24.1356,0,2
21.59,200.782,-24.1352,0,2
21.6,200.541,-24.1349,0,2
21.61,200.299,-24.1346,0,2
21.62,200.058,-24.1342,0,2
21.63,199.817,-24.1339,0,2
21.64,199.575,-24.1336,0,2
21.65,199.334,-24.1332,0,2
21.66,199.093,-24.1329,0,2
21.67,198.851,-24.1325,0,2
21.68,198.61,-24.1322,0,2
21.69,198.369,-24.1319,0,2
21.7,198.127,-24.1315,0,2
21.71,197.886,-24.1312,0,2
21.72,197.645,-24.1308,0,2
21.73,197.403,-24.1305,0,2
21.74,197.162,-24.1302,0,2
21.75,196.921,-24.1298,0,2
21.76,196.679,-24.1295,0,2
21.77,196.438,-24.1291,0,2
21.78,196.197,-24.1288,0,2
21.79,195.956,-24.1285,0,2
21.8,195.714,-24.1281,0,2
21.81,195.473,-24.1278,0,2
21.82,195.232,-24.1274,0,2
21.83,194.99,-24.1271,0,2
21.84,194.749,-24.1268,0,2
21.85,194.508,-24.1264,0,2
21.86,194.267,-24.1261,0,2
21.87,194.025,-24.1257,0,2
21.88,193.784,-24.1254,0,2
21.89,193.543,-24.1251,0,2
21.9,193.302,-24.1247,0,2
21.91,193.06,-24.1244,0,2
21.92,192.819,-24.124,0,2
21.93,192.578,-24.1237,0,2
21.94,192.337,-24.1234,0,2
21.95,192.095,-24.123,0,2
21.96,191.854,-24.1227,0,2
21.97,191.613,-24.1223,0,2
21.98,191.372,-24.122,0,2
21.99,191.131,-24.1217,0,2
22,190.889,-24.1213,0,2
22.01,190.648,-24.121,0,2
22.02,190.407,-24.1206,0,2
22.03,190.166,-24.1203,0,2
22.04,189.925,-24.1199,0,2
22.05,189.683,-24.1196,0,2
22.06,189.442,-24.1193,0,2
22.07,189.201,-24.1189,0,2
22.08,188.96,-24.1186,0,2
22.09,188.719,-24.1182,0,2
22.1,188.477,-24.1179,0,2
22.11,188.236,-24.1176,0,2
22.12,187.995,-24.1172,0,2
22.13,187.754,-24.1169,0,2
22.14,187.513,-24.1165,0,2
22.15,187.272,-24.1162,0,2
22.16,187.03,-24.1159,0,2
22.17,186.789,-24.1155,0,2
22.18,186.548,-24.1152,0,2
22.19,186.307,-24.1148,0,2
22.2,186.066,-24.1145,0,2
22.21,185.825,-24.1142,0,2
22.22,185.584,-24.1138,0,2
22.23,185.342,-24.1135,0,2
22.24,185.101,-24.1131,0,2
22.25,184.86,-24.1128,0,2
22.26,184.619,-24.1125,0,2
22.27,184.378,-24.1121,0,2
22.28,184.137,-24.1118,0,2
22.29,183.896,-24.1114,0,2
22.3,183.655,-24.1111,0,2
22.31,183.413,-24.1108,0,2
22.32,183.172,-24.1104,0,2
22.33,182.931,-24.1101,0,2
22.34,182.69,-24.1097,0,2
22.35,182.449,-24.1094,0,2
22.36,182.208,-24.109,0,2
22.37,181.967,-24.1087,0,2
22.38,181.726,-24.1084,0,2
22.39,181.485,-24.108,0,2
22.4,181.244,-24.1077,0,2
22.41,181.003,-24.1073,0,2
22.42,180.762,-24.107,0,2
22.43,180.52,-24.1067,0,2
22.44,180.279,-24.1063,0,2
22.45,180.038,-24.106,0,2
22.46,179.797,-24.1056,0,2
22.47,179.556,-24.1053,0,2
22.48,179.315,-24.105,0,2
22.49,179.074,-24.1046,0,2
22.5,178.833,-24.1043,0,2
22.51,178.592,-24.1039,0,2
22.52,178.351,-24.1036,0,2
22.53,178.11,-24.1033,0,2
22.54,177.869,-24.1029,0,2
22.55,177.628,-24.1026,0,2
22.56,177.387,-24.1022,0,2
22.57,177.146,-24.1019,0,2
22.58,176.905,-24.1016,0,2
22.59,176.664,-24.1012,0,2
22.6,176.423,-24.1009,0,2
22.61,176.182,-24.1005,0,2
22.62,175.941,-24.1002,0,2
22.63,175.7,-24.0998,0,2
22.64,175.459,-24.0995,0,2
22.65,175.218,-24.0992,0,2
22.66,174.977,-24.0988,0,2
22.67,174.736,-24.0985,0,2
22.68,174.495,-24.0981,0,2
22.69,174.254,-24.0978,0,2
22.7,174.013,-24.0975,0,2
22.71,173.772,-24.0971,0,2
22.72,173.531,-24.0968,0,2
22.73,173.29,-24.0964,0,2
22.74,173.049,-24.0961,0,2
22.75,172.808,-24.0958,0,2
22.76,172.567,-24.0954,0,2
22.77,172.326,-24.0951,0,2
22.78,172.085,-24.0947,0,2
22.79,171.844,-24.0944,0,2
22.8,171.603,-24.094,0,2
22.81,171.362,-24.0937,0,2
22.82,171.122,-24.0934,0,2
22.83,170.881,-24.093,0,2
22.84,170.64,-24.0927,0,2
22.85,170.399,-24.0923,0,2
22.86,170.158,-24.092,0,2
22.87,169.917,-24.0917,0,2
22.88,169.676,-24.0913,0,2
22.89,169.435,-24.091,0,2
22.9,169.194,-24.0906,0,2
22.91,168.953,-24.0903,0,2
22.92,168.712,-24.09,0,2
22.93,168.471,-24.0896,0,2
22.94,168.231,-24.0893,0,2
22.95,167.99,-24.0889,0,2
22.96,167.749,-24.0886,0,2
22.97,167.508,-24.0882,0,2
22.98,167.267,-24.0879,0,2
22.99,167.026,-24.0876,0,2
23,166.785,-24.0872,0,2
23.01,166.544,-24.0869,0,2
23.02,166.304,-24.0865,0,2
23.03,166.063,-24.0862,0,2
23.04,165.822,-24.0859,0,2
23.05,165.581,-24.0855,0,2
23.06,165.34,-24.0852,0,2
23.07,165.099,-24.0848,0,2
23.08,164.858,-24.0845,0,2
23.09,164.618,-24.0842,0,2
23.1,164.377,-24.0838,0,2
23.11,164.136,-24.0835,0,2
23.12,163.895,-24.0831,0,2
23.13,163.654,-24.0828,0,2
23.14,163.413,-24.0825,0,2
23.15,163.173,-24.0821,0,2
23.16,162.932,-24.0818,0,2
23.17,162.691,-24.0814,0,2
23.18,162.45,-24.0811,0,2
23.19,162.209,-24.0807,0,2
23.2,161.969,-24.0804,0,2
23.21,161.728,-24.0801,0,2
23.22,161.487,-24.0797,0,2
23.23,161.246,-24.0794,0,2
23.24,161.005,-24.079,0,2
23.25,160.765,-24.0787,0,2
23.26,160.524,-24.0784,0,2
23.27,160.283,-24.078,0,2
23.28,160.042,-24.0777,0,2
23.29,159.801,-24.0773,0,2
23.3,159.561,-24.077,0,2
23.31,159.32,-24.0767,0,2
23.32,159.079,-24.0763,0,2
23.33,158.838,-24.076,0,2
23.34,158.598,-24.0756,0,2
23.35,158.357,-24.0753,0,2
23.36,158.116,-24.0749,0,2
23.37,157.875,-24.0746,0,2
23.38,157.635,-24.0743,0,2
23.39,157.394,-24.0739,0,2
23.4,157.153,-24.0736,0,2
23.41,156.912,-24.0732,0,2
23.42,156.672,-24.0729,0,2
23.43,156.431,-24.0726,0,2
23.44,156.19,-24.0722,0,2
23.45,155.95,-24.0719,0,2
23.46,155.709,-24.0715,0,2
23.47,155.468,-24.0712,0,2
23.48,155.227,-24.0709,0,2
23.49,154.987,-24.0705,0,2
23.5,154.746,-24.0702,0,2
23.51,154.505,-24.0698,0,2
23.52,154.265,-24.0695,0,2
23.53,154.024,-24.0691,0,2
23.54,153.783,-24.0688,0,2
23.55,153.543,-24.0685,0,2
23.56,153.302,-24.0681,0,2
23.57,153.061,-24.0678,0,2
23.58,152.821,-24.0674,0,2
23.59,152.58,-24.0671,0,2
23.6,152.339,-24.0668,0,2
23.61,152.099,-24.0664,0,2
23.62,151.858,-24.0661,0,2
23.63,151.617,-24.0657,0,2
23.64,151.377,-24.0654,0,2
23.65,151.136,-24.0651,0,2
23.66,150.895,-24.0647,0,2
23.67,150.655,-24.0644,0,2
23.68,150.414,-24.064,0,2
23.69,150.173,-24.0637,0,2
23.7,149.933,-24.0633,0,2
23.71,149.692,-24.063,0,2
23.72,149.451,-24.0627,0,2
23.73,149.211,-24.0623,0,2
23.74,148.97,-24.062,0,2
23.75,148.73,-24.0616,0,2
23.76,148.489,-24.0613,0,2
23.77,148.248,-24.061,0,2
23.78,148.008,-24.0606,0,2
23.79,147.767,-24.0603,0,2
23.8,147.527,-24.0599,0,2
23.81,147.286,-24.0596,0,2
23.82,147.045,-24.0593,0,2
23.83,146.805,-24.0589,0,2
23.84,146.564,-24.0586,0,2
23.85,146.324,-24.0582,0,2
23.86,146.083,-24.0579,0,2
23.87,145.842,-24.0576,0,2
23.88,145.602,-24.0572,0,2
23.89,145.361,-24.0569,0,2
23.9,145.121,-24.0565,0,2
23.91,144.88,-24.0562,0,2
23.92,144.64,-24.0558,0,2
23.93,144.399,-24.0555,0,2
23.94,144.159,-24.0552,0,2
23.95,143.918,-24.0548,0,2
23.96,143.677,-24.0545,0,2
23.97,143.437,-24.0541,0,2
23.98,143.196,-24.0538,0,2
23.99,142.956,-24.0535,0,2
24,142.715,-24.0531,0,2
24.01,142.475,-24.0528,0,2
24.02,142.234,-24.0524,0,2
24.03,141.994,-24.0521,0,2
24.04,141.753,-24.0518,0,2
24.05,141.513,-24.0514,0,2
24.06,141.272,-24.0511,0,2
24.07,141.032,-24.0507,0,2
24.08,140.791,-24.0504,0,2
24.09,140.551,-24.0501,0,2
24.1,140.31,-24.0497,0,2
24.11,140.07,-24.0494,0,2
24.12,139.829,-24.049,0,2
24.13,139.589,-24.0487,0,2
24.14,139.348,-24.0483,0,2
24.15,139.108,-24.048,0,2
24.16,138.867,-24.0477,0,2
24.17,138.627,-24.0473,0,2
24.18,138.386,-24.047,0,2
24.19,138.146,-24.0466,0,2
24.2,137.905,-24.0463,0,2
24.21,137.665,-24.046,0,2
24.22,137.424,-24.0456,0,2
24.23,137.184,-24.0453,0,2
24.24,136.944,-24.0449,0,2
24.25,136.703,-24.0446,0,2
24.26,136.463,-24.0443,0,2
24.27,136.222,-24.0439,0,2
24.28,135.982,-24.0436,0,2
24.29,135.741,-24.0432,0,2
24.3,135.501,-24.0429,0,2
24.31,135.261,-24.0426,0,2
24.32,135.02,-24.0422,0,2
24.33,134.78,-24.0419,0,2
24.34,134.539,-24.0415,0,2
24.35,134.299,-24.0412,0,2
24.36,134.058,-24.0409,0,2
24.37,133.818,-24.0405,0,2
24.38,133.578,-24.0402,0,2
24.39,133.337,-24.0398,0,2
24.4,133.097,-24.0395,0,2
24.41,132.856,-24.0391,0,2
24.42,132.616,-24.0388,0,2
24.43,132.376,-24.0385,0,2
24.44,132.135,-24.0381,0,2
24.45,131.895,-24.0378,0,2
24.46,131.655,-24.0374,0,2
24.47,131.414,-24.0371,0,2
24.48,131.174,-24.0368,0,2
24.49,130.933,-24.0364,0,2
24.5,130.693,-24.0361,0,2
24.51,130.453,-24.0357,0,2
24.52,130.212,-24.0354,0,2
24.53,129.972,-24.0351,0,2
24.54,129.732,-24.0347,0,2
24.55,129.491,-24.0344,0,2
24.56,129.251,-24.034,0,2
24.57,129.011,-24.0337,0,2
24.58,128.77,-24.0334,0,2
24.59,128.53,-24.033,0,2
24.6,128.29,-24.0327,0,2
24.61,128.049,-24.0323,0,2
24.62,127.809,-24.032,0,2
24.63,127.569,-24.0317,0,2
24.64,127.328,-24.0313,0,2
24.65,127.088,-24.031,0,2
24.66,126.848,-24.0306,0,2
24.67,126.607,-24.0303,0,2
24.68,126.367,-24.03,0,2
24.69,126.127,-24.0296,0,2
24.7,125.887,-24.0293,0,2
24.71,125.646,-24.0289,0,2
24.72,125.406,-24.0286,0,2
24.73,125.166,-24.0282,0,2
24.74,124.925,-24.0279,0,2
24.75,124.685,-24.0276,0,2
24.76,124.445,-24.0272,0,2
24.77,124.205,-24.0269,0,2
24.78,123.964,-24.0265,0,2
24.79,123.724,-24.0262,0,2
24.8,123.484,-24.0259,0,2
24.81,123.244,-24.0255,0,2
24.82,123.003,-24.0252,0,2
24.83,122.763,-24.0248,0,2
24.84,122.523,-24.0245,0,2
24.85,122.283,-24.0242,0,2
24.86,122.042,-24.0238,0,2
24.87,121.802,-24.0235,0,2
24.88,121.562,-24.0231,0,2
24.89,121.322,-24.0228,0,2
24.9,121.081,-24.0225,0,2
24.91,120.841,-24.0221,0,2
24.92,120.601,-24.0218,0,2
24.93,120.361,-24.0214,0,2
24.94,120.121,-24.0211,0,2
24.95,119.88,-24.0208,0,2
24.96,119.64,-24.0204,0,2
24.97,119.4,-24.0201,0,2
24.98,119.16,-24.0197,0,2
24.99,118.92,-24.0194,0,2
25,118.679,-24.0191,0,2
25.01,118.439,-24.0187,0,2
25.02,118.199,-24.0184,0,2
25.03,117.959,-24.018,0,2
25.04,117.719,-24.0177,0,2
25.05,117.478,-24.0174,0,2
25.06,117.238,-24.017,0,2
25.07,116.998,-24.0167,0,2
25.08,116.758,-24.0163,0,2
25.09,116.518,-24.016,0,2
25.1,116.278,-24.0157,0,2
25.11,116.038,-24.0153,0,2
25.12,115.797,-24.015,0,2
25.13,115.557,-24.0146,0,2
25.14,115.317,-24.0143,0,2
25.15,115.077,-24.014,0,2
25.16,114.837,-24.0136,0,2
25.17,114.597,-24.0133,0,2
25.18,114.357,-24.0129,0,2
25.19,114.116,-24.0126,0,2
25.2,113.876,-24.0123,0,2
25.21,113.636,-24.0119,0,2
25.22,113.396,-24.0116,0,2
25.23,113.156,-24.0112,0,2
25.24,112.916,-24.0109,0,2
25.25,112.676,-24.0106,0,2
25.26,112.436,-24.0102,0,2
25.27,112.196,-24.0099,0,2
25.28,111.955,-24.0095,0,2
25.29,111.715,-24.0092,0,2
25.3,111.475,-24.0089,0,2
25.31,111.235,-24.0085,0,2
25.32,110.995,-24.0082,0,2
25.33,110.755,-24.0078,0,2
25.34,110.515,-24.0075,0,2
25.35,110.275,-24.0072,0,2
25.36,110.035,-24.0068,0,2
25.37,109.795,-24.0065,0,2
25.38,109.555,-24.0061,0,2
25.39,109.315,-24.0058,0,2
25.4,109.075,-24.0055,0,2
25.41,108.834,-24.0051,0,2
25.42,108.594,-24.0048,0,2
25.43,108.354,-24.0044,0,2
25.44,108.114,-24.0041,0,2
25.45,107.874,-24.0038,0,2
25.46,107.634,-24.0034,0,2
25.47,107.394,-24.0031,0,2
25.48,107.154,-24.0027,0,2
25.49,106.914,-24.0024,0,2
25.5,106.674,-24.0021,0,2
25.51,106.434,-24.0017,0,2
25.52,106.194,-24.0014,0,2
25.53,105.954,-24.001,0,2
25.54,105.714,-24.0007,0,2
25.55,105.474,-24.0004,0,2
25.56,105.234,-24,0,2
25.57,104.994,-23.9997,0,2
25.58,104.754,-23.9993,0,2
25.59,104.514,-23.999,0,2
25.6,104.274,-23.9987,0,2
25.61,104.034,-23.9983,0,2
25.62,103.794,-23.998,0,2
25.63,103.554,-23.9976,0,2
25.64,103.314,-23.9973,0,2
25.65,103.074,-23.997,0,2
25.66,102.834,-23.9966,0,2
25.67,102.594,-23.9963,0,2
25.68,102.354,-23.9959,0,2
25.69,102.114,-23.9956,0,2
25.7,101.874,-23.9953,0,2
25.71,101.635,-23.9949,0,2
25.72,101.395,-23.9946,0,2
25.73,101.155,-23.9942,0,2
25.74,100.915,-23.9939,0,2
25.75,100.675,-23.9936,0,2
25.76,100.435,-23.9932,0,2
25.77,100.195,-23.9929,0,2
25.78,99.955,-23.9925,0,2
25.79,99.7151,-23.9922,0,2
25.8,99.4751,-23.9919,0,2
25.81,99.2352,-23.9915,0,2
25.82,98.9953,-23.9912,0,2
25.83,98.7554,-23.9908,0,2
25.84,98.5155,-23.9905,0,2
25.85,98.2756,-23.9902,0,2
25.86,98.0357,-23.9898,0,2
25.87,97.7958,-23.9895,0,2
25.88,97.5559,-23.9891,0,2
25.89,97.316,-23.9888,0,2
25.9,97.0761,-23.9885,0,2
25.91,96.8363,-23.9881,0,2
25.92,96.5964,-23.9878,0,2
25.93,96.3565,-23.9874,0,2
25.94,96.1166,-23.9871,0,2
25.95,95.8768,-23.9868,0,2
25.96,95.6369,-23.9864,0,2
25.97,95.3971,-23.9861,0,2
25.98,95.1572,-23.9858,0,2
25.99,94.9173,-23.9854,0,2
26,94.6775,-23.9851,0,2
26.01,94.4376,-23.9847,0,2
26.02,94.1978,-23.9844,0,2
26.03,93.958,-23.9841,0,2
26.04,93.7181,-23.9837,0,2
26.05,93.4783,-23.9834,0,2
26.06,93.2385,-23.983,0,2
26.07,92.9986,-23.9827,0,2
26.08,92.7588,-23.9824,0,2
26.09,92.519,-23.982,0,2
26.1,92.2792,-23.9817,0,2
26.11,92.0394,-23.9813,0,2
26.12,91.7995,-23.981,0,2
26.13,91.5597,-23.9807,0,2
26.14,91.3199,-23.9803,0,2
26.15,91.0801,-23.98,0,2
26.16,90.8403,-23.9796,0,2
26.17,90.6005,-23.9793,0,2
26.18,90.3608,-23.979,0,2
26.19,90.121,-23.9786,0,2
26.2,89.8812,-23.9783,0,2
26.21,89.6414,-23.9779,0,2
26.22,89.4016,-23.9776,0,2
26.23,89.1619,-23.9773,0,2
26.24,88.9221,-23.9769,0,2
26.25,88.6823,-23.9766,0,2
26.26,88.4426,-23.9762,0,2
26.27,88.2028,-23.9759,0,2
26.28,87.963,-23.9756,0,2
26.29,87.7233,-23.9752,0,2
26.3,87.4835,-23.9749,0,2
26.31,87.2438,-23.9746,0,2
26.32,87.0041,-23.9742,0,2
26.33,86.7643,-23.9739,0,2
26.34,86.5246,-23.9735,0,2
26.35,86.2849,-23.9732,0,2
26.36,86.0451,-23.9729,0,2
26.37,85.8054,-23.9725,0,2
26.38,85.5657,-23.9722,0,2
26.39,85.326,-23.9718,0,2
26.4,85.0862,-23.9715,0,2
26.41,84.8465,-23.9712,0,2
26.42,84.6068,-23.9708,0,2
26.43,84.3671,-23.9705,0,2
26.44,84.1274,-23.9701,0,2
26.45,83.8877,-23.9698,0,2
26.46,83.648,-23.9695,0,2
26.47,83.4083,-23.9691,0,2
26.48,83.1686,-23.9688,0,2
26.49,82.929,-23.9684,0,2
26.5,82.6893,-23.9681,0,2
26.51,82.4496,-23.9678,0,2
26.52,82.2099,-23.9674,0,2
26.53,81.9703,-23.9671,0,2
26.54,81.7306,-23.9668,0,2
26.55,81.4909,-23.9664,0,2
26.56,81.2513,-23.9661,0,2
26.57,81.0116,-23.9657,0,2
26.58,80.772,-23.9654,0,2
26.59,80.5323,-23.9651,0,2
26.6,80.2927,-23.9647,0,2
26.61,80.053,-23.9644,0,2
26.62,79.8134,-23.964,0,2
26.63,79.5737,-23.9637,0,2
26.64,79.3341,-23.9634,0,2
26.65,79.0945,-23.963,0,2
26.66,78.8548,-23.9627,0,2
26.67,78.6152,-23.9623,0,2
26.68,78.3756,-23.962,0,2
26.69,78.136,-23.9617,0,2
26.7,77.8964,-23.9613,0,2
26.71,77.6568,-23.961,0,2
26.72,77.4172,-23.9607,0,2
26.73,77.1776,-23.9603,0,2
26.74,76.938,-23.96,0,2
26.75,76.6984,-23.9596,0,2
26.76,76.4588,-23.9593,0,2
26.77,76.2192,-23.959,0,2
26.78,75.9796,-23.9586,0,2
26.79,75.74,-23.9583,0,2
26.8,75.5004,-23.9579,0,2
26.81,75.2608,-23.9576,0,2
26.82,75.0213,-23.9573,0,2
26.83,74.7817,-23.9569,0,2
26.84,74.5421,-23.9566,0,2
26.85,74.3026,-23.9562,0,2
26.86,74.063,-23.9559,0,2
26.87,73.8235,-23.9556,0,2
26.88,73.5839,-23.9552,0,2
26.89,73.3444,-23.9549,0,2
26.9,73.1048,-23.9546,0,2
26.91,72.8653,-23.9542,0,2
26.92,72.6257,-23.9539,0,2
26.93,72.3862,-23.9535,0,2
26.94,72.1467,-23.9532,0,2
26.95,71.9071,-23.9529,0,2
26.96,71.6676,-23.9525,0,2
26.97,71.4281,-23.9522,0,2
26.98,71.1886,-23.9518,0,2
26.99,70.9491,-23.9515,0,2
27,70.7095,-23.9512,0,2
27.01,70.47,-23.9508,0,2
27.02,70.2305,-23.9505,0,2
27.03,69.991,-23.9502,0,2
27.04,69.7515,-23.9498,0,2
27.05,69.512,-23.9495,0,2
27.06,69.2725,-23.9491,0,2
27.07,69.0331,-23.9488,0,2
27.08,68.7936,-23.9485,0,2
27.09,68.5541,-23.9481,0,2
27.1,68.3146,-23.9478,0,2
27.11,68.0751,-23.9474,0,2
27.12,67.8357,-23.9471,0,2
27.13,67.5962,-23.9468,0,2
27.14,67.3567,-23.9464,0,2
27.15,67.1173,-23.9461,0,2
27.16,66.8778,-23.9458,0,2
27.17,66.6384,-23.9454,0,2
27.18,66.3989,-23.9451,0,2
27.19,66.1595,-23.9447,0,2
27.2,65.92,-23.9444,0,2
27.21,65.6806,-23.9441,0,2
27.22,65.4411,-23.9437,0,2
27.23,65.2017,-23.9434,0,2
27.24,64.9623,-23.943,0,2
27.25,64.7229,-23.9427,0,2
27.26,64.4834,-23.9424,0,2
27.27,64.244,-23.942,0,2
27.28,64.0046,-23.9417,0,2
27.29,63.7652,-23.9414,0,2
27.3,63.5258,-23.941,0,2
27.31,63.2864,-23.9407,0,2
27.32,63.047,-23.9403,0,2
27.33,62.8076,-23.94,0,2
27.34,62.5682,-23.9397,0,2
27.35,62.3288,-23.9393,0,2
27.36,62.0894,-23.939,0,2
27.37,61.85,-23.9387,0,2
27.38,61.6106,-23.9383,0,2
27.39,61.3712,-23.938,0,2
27.4,61.1319,-23.9376,0,2
27.41,60.8925,-23.9373,0,2
27.42,60.6531,-23.937,0,2
27.43,60.4137,-23.9366,0,2
27.44,60.1744,-23.9363,0,2
27.45,59.935,-23.9359,0,2
27.46,59.6957,-23.9356,0,2
27.47,59.4563,-23.9353,0,2
27.48,59.217,-23.9349,0,2
27.49,58.9776,-23.9346,0,2
27.5,58.7383,-23.9343,0,2
27.51,58.4989,-23.9339,0,2
27.52,58.2596,-23.9336,0,2
27.53,58.0203,-23.9332,0,2
27.54,57.7809,-23.9329,0,2
27.55,57.5416,-23.9326,0,2
27.56,57.3023,-23.9322,0,2
27.57,57.063,-23.9319,0,2
27.58,56.8237,-23.9315,0,2
27.59,56.5843,-23.9312,0,2
27.6,56.345,-23.9309,0,2
27.61,56.1057,-23.9305,0,2
27.62,55.8664,-23.9302,0,2
27.63,55.6271,-23.9299,0,2
27.64,55.3878,-23.9295,0,2
27.65,55.1485,-23.9292,0,2
27.66,54.9093,-23.9288,0,2
27.67,54.67,-23.9285,0,2
27.68,54.4307,-23.9282,0,2
27.69,54.1914,-23.9278,0,2
27.7,53.9521,-23.9275,0,2
27.71,53.7129,-23.9272,0,2
27.72,53.4736,-23.9268,0,2
27.73,53.2343,-23.9265,0,2
27.74,52.9951,-23.9261,0,2
27.75,52.7558,-23.9258,0,2
27.76,52.5166,-23.9255,0,2
27.77,52.2773,-23.9251,0,2
27.78,52.0381,-23.9248,0,2
27.79,51.7988,-23.9245,0,2
27.8,51.5596,-23.9241,0,2
27.81,51.3203,-23.9238,0,2
27.82,51.0811,-23.9234,0,2
27.83,50.8419,-23.9231,0,2
27.84,50.6026,-23.9228,0,2
27.85,50.3634,-23.9224,0,2
27.86,50.1242,-23.9221,0,2
27.87,49.885,-23.9218,0,2
27.88,49.6458,-23.9214,0,2
27.89,49.4066,-23.9211,0,2
27.9,49.1673,-23.9207,0,2
27.91,48.9281,-23.9204,0,2
27.92,48.6889,-23.9201,0,2
27.93,48.4497,-23.9197,0,2
27.94,48.2105,-23.9194,0,2
27.95,47.9714,-23.919,0,2
27.96,47.7322,-23.9187,0,2
27.97,47.493,-23.9184,0,2
27.98,47.2538,-23.918,0,2
27.99,47.0146,-23.9177,0,2
28,46.7755,-23.9174,0,2
28.01,46.5363,-23.917,0,2
28.02,46.2971,-23.9167,0,2
28.03,46.058,-23.9163,0,2
28.04,45.8188,-23.916,0,2
28.05,45.5796,-23.9157,0,2
28.06,45.3405,-23.9153,0,2
28.07,45.1013,-23.915,0,2
28.08,44.8622,-23.9147,0,2
28.09,44.623,-23.9143,0,2
28.1,44.3839,-23.914,0,2
28.11,44.1448,-23.9136,0,2
28.12,43.9056,-23.9133,0,2
28.13,43.6665,-23.913,0,2
28.14,43.4274,-23.9126,0,2
28.15,43.1883,-23.9123,0,2
28.16,42.9491,-23.912,0,2
28.17,42.71,-23.9116,0,2
28.18,42.4709,-23.9113,0,2
28.19,42.2318,-23.9109,0,2
28.2,41.9927,-23.9106,0,2
28.21,41.7536,-23.9103,0,2
28.22,41.5145,-23.9099,0,2
28.23,41.2754,-23.9096,0,2
28.24,41.0363,-23.9093,0,2
28.25,40.7972,-23.9089,0,2
28.26,40.5581,-23.9086,0,2
28.27,40.319,-23.9082,0,2
28.28,40.08,-23.9079,0,2
28.29,39.8409,-23.9076,0,2
28.3,39.6018,-23.9072,0,2
28.31,39.3627,-23.9069,0,2
28.32,39.1237,-23.9066,0,2
28.33,38.8846,-23.9062,0,2
28.34,38.6456,-23.9059,0,2
28.35,38.4065,-23.9055,0,2
28.36,38.1675,-23.9052,0,2
28.37,37.9284,-23.9049,0,2
28.38,37.6894,-23.9045,0,2
28.39,37.4503,-23.9042,0,2
28.4,37.2113,-23.9039,0,2
28.41,36.9722,-23.9035,0,2
28.42,36.7332,-23.9032,0,2
28.43,36.4942,-23.9029,0,2
28.44,36.2552,-23.9025,0,2
28.45,36.0161,-23.9022,0,2
28.46,35.7771,-23.9018,0,2
28.47,35.5381,-23.9015,0,2
28.48,35.2991,-23.9012,0,2
28.49,35.0601,-23.9008,0,2
28.5,34.8211,-23.9005,0,2
28.51,34.5821,-23.9002,0,2
28.52,34.3431,-23.8998,0,2
28.53,34.1041,-23.8995,0,2
28.54,33.8651,-23.8991,0,2
28.55,33.6261,-23.8988,0,2
28.56,33.3871,-23.8985,0,2
28.57,33.1481,-23.8981,0,2
28.58,32.9092,-23.8978,0,2
28.59,32.6702,-23.8975,0,2
28.6,32.4312,-23.8971,0,2
28.61,32.1922,-23.8968,0,2
28.62,31.9533,-23.8964,0,2
28.63,31.7143,-23.8961,0,2
28.64,31.4754,-23.8958,0,2
28.65,31.2364,-23.8954,0,2
28.66,30.9975,-23.8951,0,2
28.67,30.7585,-23.8948,0,2
28.68,30.5196,-23.8944,0,2
28.69,30.2806,-23.8941,0,2
28.7,30.0417,-23.8937,0,2
28.71,29.8028,-23.8934,0,2
28.72,29.5638,-23.8931,0,2
28.73,29.3249,-23.8927,0,2
28.74,29.086,-23.8924,0,2
28.75,28.8471,-23.8921,0,2
28.76,28.6081,-23.8917,0,2
28.77,28.3692,-23.8914,0,2
28.78,28.1303,-23.8911,0,2
28.79,27.8914,-23.8907,0,2
28.8,27.6525,-23.8904,0,2
28.81,27.4136,-23.89,0,2
28.82,27.1747,-23.8897,0,2
28.83,26.9358,-23.8894,0,2
28.84,26.6969,-23.889,0,2
28.85,26.458,-23.8887,0,2
28.86,26.2191,-23.8884,0,2
28.87,25.9803,-23.888,0,2
28.88,25.7414,-23.8877,0,2
28.89,25.5025,-23.8873,0,2
28.9,25.2636,-23.887,0,2
28.91,25.0248,-23.8867,0,2
28.92,24.7859,-23.8863,0,2
28.93,24.5471,-23.886,0,2
28.94,24.3082,-23.8857,0,2
28.95,24.0693,-23.8853,0,2
28.96,23.8305,-23.885,0,2
28.97,23.5916,-23.8847,0,2
28.98,23.3528,-23.8843,0,2
28.99,23.114,-23.884,0,2
29,22.8751,-23.8836,0,2
29.01,22.6363,-23.8833,0,2
29.02,22.3975,-23.883,0,2
29.03,22.1586,-23.8826,0,2
29.04,21.9198,-23.8823,0,2
29.05,21.681,-23.882,0,2
29.06,21.4422,-23.8816,0,2
29.07,21.2034,-23.8813,0,2
29.08,20.9646,-23.881,0,2
29.09,20.7258,-23.8806,0,2
29.1,20.487,-23.8803,0,2
29.11,20.2482,-23.8799,0,2
29.12,20.0094,-23.8796,0,2
29.13,19.7706,-23.8793,0,2
29.14,19.5318,-23.8789,0,2
29.15,19.293,-23.8786,0,2
29.16,19.0542,-23.8783,0,2
29.17,18.8154,-23.8779,0,2
29.18,18.5767,-23.8776,0,2
29.19,18.3379,-23.8772,0,2
29.2,18.0991,-23.8769,0,2
29.21,17.8603,-23.8766,0,2
29.22,17.6216,-23.8762,0,2
29.23,17.3828,-23.8759,0,2
29.24,17.1441,-23.8756,0,2
29.25,16.9053,-23.8752,0,2
29.26,16.6666,-23.8749,0,2
29.27,16.4278,-23.8746,0,2
29.28,16.1891,-23.8742,0,2
29.29,15.9503,-23.8739,0,2
29.3,15.7116,-23.8735,0,2
29.31,15.4729,-23.8732,0,2
29.32,15.2341,-23.8729,0,2
29.33,14.9954,-23.8725,0,2
29.34,14.7567,-23.8722,0,2
29.35,14.518,-23.8719,0,2
29.36,14.2793,-23.8715,0,2
29.37,14.0405,-23.8712,0,2
29.38,13.8018,-23.8709,0,2
29.39,13.5631,-23.8705,0,2
29.4,13.3244,-23.8702,0,2
29.41,13.0857,-23.8698,0,2
29.42,12.847,-23.8695,0,2
29.43,12.6083,-23.8692,0,2
29.44,12.3697,-23.8688,0,2
29.45,12.131,-23.8685,0,2
29.46,11.8923,-23.8682,0,2
29.47,11.6536,-23.8678,0,2
29.48,11.4149,-23.8675,0,2
29.49,11.1763,-23.8672,0,2
29.5,10.9376,-23.8668,0,2
29.51,10.6989,-23.8665,0,2
29.52,10.4603,-23.8661,0,2
29.53,10.2216,-23.8658,0,2
29.54,9.98296,-23.8655,0,2
29.55,9.74431,-23.8651,0,2
29.56,9.50566,-23.8648,0,2
29.57,9.26702,-23.8645,0,2
29.58,9.02837,-23.8641,0,2
29.59,8.78974,-23.8638,0,2
29.6,8.5511,-23.8635,0,2
29.61,8.31247,-23.8631,0,2
29.62,8.07384,-23.8628,0,2
29.63,7.83522,-23.8625,0,2
29.64,7.5966,-23.8621,0,2
29.65,7.35798,-23.8618,0,2
29.66,7.11936,-23.8614,0,2
29.67,6.88075,-23.8611,0,2
29.68,6.64215,-23.8608,0,2
29.69,6.40354,-23.8604,0,2
29.7,6.16494,-23.8601,0,2
29.71,5.92634,-23.8598,0,2
29.72,5.68775,-23.8594,0,2
29.73,5.44916,-23.8591,0,2
29.74,5.21057,-23.8588,0,2
29.75,4.97199,-23.8584,0,2
29.76,4.73341,-23.8581,0,2
29.77,4.49483,-23.8577,0,2
29.78,4.25625,-23.8574,0,2
29.79,4.01768,-23.8571,0,2
29.8,3.77912,-23.8567,0,2
29.81,3.54055,-23.8564,0,2
29.82,3.30199,-23.8561,0,2
29.83,3.06343,-23.8557,0,2
29.84,2.82488,-23.8554,0,2
29.85,2.58633,-23.8551,0,2
29.86,2.34778,-23.8547,0,2
29.87,2.10924,-23.8544,0,2
29.88,1.8707,-23.8541,0,2
29.89,1.63216,-23.8537,0,2
29.9,1.39363,-23.8534,0,2
29.91,1.1551,-23.853,0,2
29.92,0.916569,-23.8527,0,2
29.93,0.678045,-23.8524,0,2
29.94,0.439524,-23.852,0,2
29.95,0.201007,-23.8517,0,2
29.96,-0.0375063,-23.8514,0,2
